WHERE	SUB	KIND	untranslatable	method	filename	filetype	location	parent	name	type	property	unique_id	text	translation	DESCRIPTION	Comments	max_length
Main_Menu	/	Game Title	0	ignore									Road to Vostok	Road to Vostok	Subtitle(?) of the Game, that Displayed on Main Menu		
Main_Menu	/	Game Subtitle	0	ignore	Scenes/Menu	tscn	Scenes/Menu	Main	Title	Label	text	1369510248	Early Access	Early Access	Subtitle(?) of the Game, that Displayed on Main Menu		
Main_Menu	Compatibility		0	static	Scenes/Menu	tscn	Scenes/Menu	.	Compatibility	Label	text	727651195	Compatibility	Compatibilité	Text that notice user is running the game as 'Compatibility Mode'	#Machine Translated	
Main_Menu	Compatibility		0	substr									Compatibility	Compatibilité		#Machine Translated	
Main_Menu	Compatibility		0	ignore	Scripts/Settings	gd			AOOff.text	literal		166	Compatibility	Compatibilité		#Machine Translated	
Main_Menu	Compatibility		0	ignore	Scripts/Settings	gd			AOOn.text	literal		167	Compatibility	Compatibilité		#Machine Translated	
Main_Menu	Main Button	Button	0	literal	Scenes/Menu	tscn	Scenes/Menu	Main/Buttons	New	Button	text	593764434	New game	Nouveau jeu		#Machine Translated	
Main_Menu	Main Button	Button	0	literal	Scenes/Menu	tscn	Scenes/Menu	Main/Buttons	Load	Button	text	731048714	Load game	Charger la partie		#Machine Translated	
Main_Menu	Main Button	Button	0	literal	Scenes/Menu	tscn	Scenes/Menu	Main/Buttons	Tutorial	Button	text	462892253	Tutorial	Tutoriel		#Machine Translated	
Main_Menu	Main Button	Button	0	literal	Scenes/Menu	tscn	Scenes/Menu	Main/Buttons	Settings	Button	text	363940271	"Settings
"	Paramètres		#Machine Translated	
Main_Menu	Main Button	Button	0	literal	Scenes/Menu	tscn	Scenes/Menu	Main/Buttons	Roadmap	Button	text	768378158	"Roadmap
"	Feuille de route		#Machine Translated	
Main_Menu	Main Button	Button	0	literal	Scenes/Menu	tscn	Scenes/Menu	Main/Buttons	About	Button	text	1342929674	"About
"	À propos		#Machine Translated	
Main_Menu	Main Button	Button	0	literal	Scenes/Menu	tscn	Scenes/Menu	Main/Buttons	Quit	Button	text	1206295517	"Quit
"	Quitter		#Machine Translated	
Main_Menu	ChangeLog	UI Title	0	literal	Scenes/Menu	tscn	Scenes/Menu	Log	Header	Label	text	346683200	Changelog	Journal des modifications		#Machine Translated	
Main_Menu	ChangeLog	Button	0	literal	Scenes/Menu	tscn	Scenes/Menu	Log/Buttons	Log_Off	Button	text	110288235	"Off
"	Désactivé		#Machine Translated	
Main_Menu	ChangeLog	Button	0	literal	Scenes/Menu	tscn	Scenes/Menu	Log/Buttons	Log_On	Button	text	1072724058	"On
"	Le		#Machine Translated	
Main_Menu	Hardware Check	UI Title	0	literal	Scenes/Menu	tscn	Scenes/Menu	Hardware	Header	Label	text	698499361	Hardware Check	Vérification du matériel		#Machine Translated	
Main_Menu	Hardware Check	Button	0	literal	Scenes/Menu	tscn	Scenes/Menu	Hardware/Buttons	HW_Off	Button	text	968786773	"Off
"	Désactivé		#Machine Translated	
Main_Menu	Hardware Check	Button	0	literal	Scenes/Menu	tscn	Scenes/Menu	Hardware/Buttons	HW_On	Button	text	2039876731	"On
"	Le		#Machine Translated	
Main_Menu	Watch Intro	UI Title	0	literal	Scenes/Menu	tscn	Scenes/Menu	Intro	Header	Label	text	1070243629	Watch Intro	Regarder l'intro		#Machine Translated	
Main_Menu	Watch Intro	Button	0	literal	Scenes/Menu	tscn	Scenes/Menu	Intro/Buttons	Intro_Off	Button	text	1424495460	"Off
"	Désactivé		#Machine Translated	
Main_Menu	Watch Intro	Button	0	literal	Scenes/Menu	tscn	Scenes/Menu	Intro/Buttons	Intro_On	Button	text	685964068	"On
"	Le		#Machine Translated	
Main_Menu	Menu Music	UI Title	0	literal	Scenes/Menu	tscn	Scenes/Menu	Music	Header	Label	text	1387396245	Menu Music	Menu Musique		#Machine Translated	
Main_Menu	Menu Music	Button	0	literal	Scenes/Menu	tscn	Scenes/Menu	Music/Buttons	Music_Off	Button	text	560697430	"Off
"	Désactivé		#Machine Translated	
Main_Menu	Menu Music	Button	0	literal	Scenes/Menu	tscn	Scenes/Menu	Music/Buttons	Music_On	Button	text	676969840	"On
"	Le		#Machine Translated	
Main_Menu	Bottom	String	0	literal	Scenes/Menu	tscn	Scenes/Menu	.	Copyright	Label	text	1615618777	Road to Vostok ® is registered trademark of Road to Vostok Ltd. All rights reserved © 2026	Road to Vostok ® est une marque déposée de Road to Vostok Ltd. Tous droits réservés © 2026		#Machine Translated	
Main_Menu	Bottom	String	0	literal	Scenes/Menu	tscn	Scenes/Menu	.	Version	Label	text	982652429	Version: 0.1.1.3	Version : 0.1.1.3	"Will not use pattern matching. 
It will act as the ""canaria (bird)"" for the outdated translation."	#Machine Translated	
Main_Menu	ChangeLog	UI_Label	0	literal	Scenes/Menu	tscn	Scenes/Menu	Changelog/Header	Label	Label	text	618671450	Changelog	Journal des modifications		#Machine Translated	
Main_Menu	ChangeLog	Scrollable String	0	literal	Scenes/Menu	tscn	Scenes/Menu	Changelog/Panel/Margin/Scroll	Content	Label	text	881677409	"Following changes were made from:
Early Access [0.1.0.0] -> Early Access [0.1.1.3]
----------------------------------------
Build name: Road - Build 1
Build version: 0.1.1.3
Build type: Release
----------------------------------------
Hotfix [0.1.1.3]
[FIXED] Context actions could cause death when closing Interface at the same frame (Context Use)
[FIXED] Context actions could corrupt items when closing Interface at the same frame (Context Unload)
[FIXED] Context actions could corrupt furniture when closing Interface at the same frame (Context Place)
----------------------------------------
[ADDED] Compatibility launch option for hardware issues
[ADDED] Increased buffer memory for GPU stalls/timeouts
[ADDED] CPU-load distribution when loading into a map
[ADDED] Engine version switched to Godot 4.6.2 for stability
[ADDED] Added SMAA anti-aliasing option (Settings)
[ADDED] Reworked image sharpness shader for stability (Settings)
[ADDED] Furniture destroy uses safeguard (LMB hold) for misclicks
[ADDED] Airdrops use green chemlights for night time visibility
[ADDED] Airdrops now support variable loot tables [x3]
[ADDED] Punisher now support variable loot tables [x3]
[ADDED] Punisher loot tables improved with more items
[ADDED] Killed AI corpse loot possibility increased [25%->75%]
[ADDED] Additional industrial loot spawns [Oil Filter]
[ADDED] Terminal has more special crates and loot spawns
[ADDED] Special crates can also spawn Legendary items
[ADDED] New item: Chewing Gum
----------------------------------------
[FIXED] Flickering lights/shadows in shelters and trader areas
[FIXED] Active context menu could freeze when closing the Interface
[FIXED] Frozen context menu could lead to corrupted/floating items
[FIXED] Shelter item return while using items could cause death
[FIXED] Cartridges during ammo check were glowing in low lighting
[FIXED] AI could navigate/attack through airdrop colliders
[FIXED] AI could navigate/attack through heli crash colliders
[FIXED] AI could get stuck on heli crash colliders
[FIXED] Blocked Highway tunnel could be exploited without a key
[FIXED] Darkness/Ironman random spawn teleported to transition (School/Highway)
[FIXED] AI firing accuracy inconsistency and miscalculations
[FIXED] Controller could get stuck on Village building (toilet door)
[FIXED] Controller could get stuck on Village tractor (barn)
[FIXED] Controller could get stuck on Village garage (cardboard boxes)
[FIXED] Controller could get stuck on School building (trader table)
[FIXED] Controller could get stuck on School building (multiple chairs)
[FIXED] Controller could get stuck on Highway market (shelf gaps)
[FIXED] Controller could get stuck on Highway market (shopping carts)
[FIXED] Controller could get stuck on Apartments staircases (corpse head)
[FIXED] Controller could get stuck on Terminal ramps (trainyard area)
[FIXED] Military BTR could stuck driving in circles at fast speed
[FIXED] Improvised splint didn't heal Fracture condition
[FIXED] Doctor sold own task items [Antiseptic]
[FIXED] Gunsmith sold own task items [Skrama 200]
[FIXED] MSAA 8x option didn't save to preferences
[FIXED] Tutorial crates didn't contain M78 magazines
----------------------------------------
[CHANGED] Critical medical condition [Rupture] possibility lowered [5%->3%]
[CHANGED] Critical medical condition [Headshot] possibility lowered [5%->3%]
[CHANGED] Character hydration decrease speed slowed by [10%]
[CHANGED] Character mental decrease speed slowed by [10%]
[CHANGED] Cat vital decrease speed slowed by [20%]
[CHANGED] Cat meows and makes noises less often
[CHANGED] Trader (Start/End/Idle) voices activate less often
[CHANGED] Render resolution options changed to Low/Native (less confusion)
[CHANGED] Fallen items drop front of the player vs. inventory (Shelter)
----------------------------------------
[REMOVED] All third-party/obsolete AMD FSR references for stability
----------------------------------------"	"Les modifications suivantes ont été apportées entre :
Accès anticipé [0.1.0.0] -> Accès anticipé [0.1.1.3]
----------------------------------------
Nom de la version : Road - Build 1
Version : 0.1.1.3
Type de version : Release
----------------------------------------
Correctif [0.1.1.3]
[CORRIGÉ] Les actions contextuelles pouvaient entraîner la mort lors de la fermeture de l'interface au cours de la même image (Utilisation du contexte)
[CORRIGÉ] Les actions contextuelles pouvaient corrompre des objets lors de la fermeture de l'interface au même cadre (Déchargement du contexte)
[CORRIGÉ] Les actions contextuelles pouvaient corrompre le mobilier lors de la fermeture de l'interface au même cadre (Placement du contexte)
----------------------------------------
[AJOUTÉ] Option de lancement de compatibilité pour les problèmes matériels
[AJOUTÉ] Augmentation de la mémoire tampon pour les blocages/délais d'attente du GPU
[AJOUTÉ] Répartition de la charge CPU lors du chargement d'une carte
[AJOUTÉ] Passage à la version 4.6.2 du moteur Godot pour plus de stabilité
[AJOUTÉ] Ajout de l'option d'anti-aliasing SMAA (Paramètres)
[AJOUTÉ] Refonte du shader de netteté d'image pour plus de stabilité (Paramètres)
[AJOUTÉ] La destruction de meubles utilise une protection (maintenir le bouton gauche enfoncé) contre les clics accidentels
[AJOUTÉ] Les largages aériens utilisent des balises chimiques vertes pour une meilleure visibilité de nuit
[AJOUTÉ] Les largages aériens prennent désormais en charge les tables de butin variables [x3]
[AJOUTÉ] Le Punisher prend désormais en charge les tables de butin variables [x3]
[AJOUTÉ] Amélioration des tables de butin du Punisher avec davantage d'objets
[AJOUTÉ] Augmentation de la probabilité de butin sur les cadavres d'IA tués [25 % -> 75 %]
[AJOUTÉ] Apparition de butin industriel supplémentaire [Filtre à huile]
[AJOUTÉ] Le terminal dispose de plus de caisses spéciales et d'apparitions de butin
[AJOUTÉ] Les caisses spéciales peuvent également contenir des objets légendaires
[AJOUTÉ] Nouvel objet : Chewing-gum
----------------------------------------
[CORRIGÉ] Scintillement des lumières/ombres dans les abris et les zones de commerce
[CORRIGÉ] Le menu contextuel actif pouvait se figer lors de la fermeture de l'interface
[CORRIGÉ] Un menu contextuel figé pouvait entraîner la corruption ou la flottation d'objets
[CORRIGÉ] Le retour d'un objet dans l'abri lors de l'utilisation d'objets pouvait entraîner la mort
[CORRIGÉ] Les cartouches brillaient dans la pénombre lors de la vérification des munitions
[CORRIGÉ] L'IA pouvait se déplacer/attaquer à travers les colliders des largages aériens
[CORRIGÉ] L'IA pouvait se déplacer/attaquer à travers les colliders des crashs d'hélicoptères
[CORRIGÉ] L'IA pouvait rester coincée sur les colliders des crashs d'hélicoptères
[CORRIGÉ] Le tunnel bloqué de l'autoroute pouvait être exploité sans clé
[CORRIGÉ] Les apparitions aléatoires de Darkness/Ironman étaient téléportées vers la zone de transition (École/Autoroute)
[CORRIGÉ] Incohérences et erreurs de calcul dans la précision de tir de l'IA
[CORRIGÉ] Le contrôleur pouvait rester coincé sur un bâtiment du Village (porte des toilettes)
[CORRIGÉ] Le contrôleur pouvait rester coincé sur le tracteur du Village (grange)
[CORRIGÉ] La manette pouvait rester coincée sur le garage du village (boîtes en carton)
[CORRIGÉ] La manette pouvait rester coincée sur le bâtiment de l'école (table du marchand)
[CORRIGÉ] La manette pouvait rester coincée sur le bâtiment de l'école (plusieurs chaises)
[CORRIGÉ] La manette pouvait rester coincée sur le marché de l'autoroute (espaces entre les étagères)
[CORRIGÉ] La manette pouvait rester coincée sur le marché de l'autoroute (chariots de supermarché)
[CORRIGÉ] La manette pouvait rester bloquée sur les escaliers des appartements (tête de cadavre)
[CORRIGÉ] La manette pouvait rester bloquée sur les rampes du terminal (zone de la gare de triage)
[CORRIGÉ] Le BTR militaire pouvait rester bloqué en tournant en rond à grande vitesse
[CORRIGÉ] L'attelle de fortune ne soignait pas l'état « Fracture »
[CORRIGÉ] Le médecin vendait ses propres objets de quête [Antiseptique]
[CORRIGÉ] L'armurier vendait ses propres objets de quête [Skrama 200]
[CORRIGÉ] L'option MSAA 8x ne s'enregistrait pas dans les préférences
[CORRIGÉ] Les caisses du didacticiel ne contenaient pas de chargeurs M78
----------------------------------------
[MODIFIÉ] Probabilité de l'état médical critique [Rupture] réduite [5 % -> 3 %]
[MODIFIÉ] Probabilité de l'état médical critique [Tir à la tête] réduite [5 % -> 3 %]
[MODIFIÉ] Vitesse de diminution de l'Eau du personnage ralentie de [10 %]
[MODIFIÉ] Vitesse de diminution de la santé mentale du personnage ralentie de [10 %]
[MODIFIÉ] La vitesse de diminution des points de vie du chat a été ralentie de [20 %]
[MODIFIÉ] Le chat miaule et fait moins souvent du bruit
[MODIFIÉ] Les voix du marchand (Début/Fin/Inactivité) s'activent moins souvent
[MODIFIÉ] Les options de résolution de rendu ont été modifiées en Faible/Native (moins de confusion)
[MODIFIÉ] Les objets tombés apparaissent devant le joueur plutôt que dans l'inventaire (Abri)
----------------------------------------
[SUPPRIMÉ] Toutes les références tierces/obsolètes à AMD FSR pour plus de stabilité
----------------------------------------"		#Machine Translated	
Main_Menu	ChangeLog	Scrollable String	0	literal	Scenes/Menu	tscn	Scenes/Menu	Changelog/Panel/Margin/Scroll	Content	Label	text		"Following changes were made from:
Demo [0.0.1.0] -> Early Access [0.1.0.0]
----------------------------------------
Build name: Road - Build 1
Build version: 0.1.0.0
Build type: Release
----------------------------------------
[ADDED] Event system
[ADDED] Multi-shelter support
[ADDED] Keys and locked doors
[ADDED] PIP-scopes and scope options
[ADDED] Native DirectX support
[ADDED] Native shader caching
[ADDED] Tools UI (Interface)
[ADDED] Event calendar (Tools)
[ADDED] Crafting menu (Tools)
[ADDED] Task notes (Tools)
[ADDED] World map (Tools)
[ADDED] Casette player (Tools)
[ADDED] New game mode: Darkness
[ADDED] New game mode: Ironman
[ADDED] New map: School (Area 05)
[ADDED] New map: Highway (Area 05)
[ADDED] New map: Outpost (Area 05)
[ADDED] New map: Terminal (Vostok)
[ADDED] New shelter: Attic
[ADDED] New shelter: Bunker
[ADDED] New shelter: Tent
[ADDED] New shelter: Classroom
[ADDED] New trader: Doctor
[ADDED] New trader: Gunsmith
[ADDED] New boss: Punisher
[ADDED] New character: Cat
[ADDED] New event: Trader Return
[ADDED] New event: Fighter Jets
[ADDED] New event: Missing Cat
[ADDED] New event: Bandit Boss
[ADDED] New event: Airdrops
[ADDED] New event: BTR
[ADDED] New event: Attack Helicopters
[ADDED] New event: Crash Sites
[ADDED] New event: Outpost Compromised
[ADDED] New event: Trader Escape
[ADDED] New event: Transmission
[ADDED] New task: Prime Time
[ADDED] New task: Coffee Reserve
[ADDED] New task: Sweaty Business
[ADDED] New task: Homemade
[ADDED] New task: Nasty Draft
[ADDED] New task: Steady Hands
[ADDED] New task: Bookworm
[ADDED] New task: Dice Master
[ADDED] New task: Night Surgery
[ADDED] New task: Infections
[ADDED] New task: Hypovolemia
[ADDED] New task: Mouth Organ
[ADDED] New task: Patient Report
[ADDED] New task: Substance
[ADDED] New task: Bloodsuckers
[ADDED] New task: Warm Meal
[ADDED] New task: Nordic Trade
[ADDED] New task: Big Blades
[ADDED] New task: Ammo Delivery
[ADDED] New task: Weapon Delivery
[ADDED] New task: Medic
[ADDED] New task: Home Collection
[ADDED] New task: Everyman's Rights
[ADDED] New task: Hitman
[ADDED] New weapon: RK-62
[ADDED] New weapon: RK-62M
[ADDED] New weapon: M4A1
[ADDED] New weapon: K416
[ADDED] New weapon: P3
[ADDED] New attachment: AN-15
[ADDED] New item: KAR-21 Barrel
[ADDED] New item: Flame Beanie
[ADDED] New item: M62 Cap
[ADDED] New item: Water Bottle
[ADDED] New item: AFAK
[ADDED] New item: Thermal Blanket
[ADDED] New item: Saline
[ADDED] New item: Antiseptic
[ADDED] New item: Wipes
[ADDED] New item: Tissues
[ADDED] New item: Deodorant
[ADDED] New item: Map
[ADDED] New item: Map (Tactical)
[ADDED] New item: Weapon Repair Kit
[ADDED] New item: Tackle Box
[ADDED] New item: Oil Filter
[ADDED] New item: Coffee Filters
[ADDED] New item: Water Lock
[ADDED] New item: Lumber
[ADDED] New item: Pillow
[ADDED] New item: Blanket
[ADDED] New item: Sticks
[ADDED] New item: Rags
[ADDED] New item: Casette (OST)
[ADDED] New item: Casette (Electrofolk)
[ADDED] New item: Casette (Symphony)
[ADDED] New item: Casette (Radio Hits)
[ADDED] New item: Attic Key
[ADDED] New item: Bunker Key
[ADDED] New item: Classroom Key
[ADDED] New item: Cellar Key
[ADDED] New item: Gymnasium Key
[ADDED] New item: Tunnel Key
[ADDED] New furniture: Pallet
[ADDED] New furniture: Television
[ADDED] New furniture: Metal Shelf
[ADDED] New furniture: Target Stand
[ADDED] New furniture: Sign (Border Zone)
[ADDED] New furniture: Poster (Posture)
[ADDED] New furniture: Trolley (Small)
[ADDED] New furniture: Trolley (Tall)
[ADDED] New furniture: Chair (School)
[ADDED] New furniture: Cabinet (Office)
[ADDED] New furniture: Desk (Office)
[ADDED] New recipe: Energy Drink
[ADDED] New recipe: Brewed Coffee
[ADDED] New recipe: Cooked Pea Soup
[ADDED] New recipe: Cooked Tomato Soup
[ADDED] New recipe: Cooked Fish Soup
[ADDED] New recipe: Cooked Meatballs
[ADDED] New recipe: Kompot
[ADDED] New recipe: Kilju
[ADDED] New recipe: Improvised Bandage
[ADDED] New recipe: Improvised Tourniquet
[ADDED] New recipe: Improvised Splint
[ADDED] New recipe: Weapon Repair
[ADDED] New recipe: KAR-21 Upgrade
[ADDED] New recipe: Cooking Station
[ADDED] New recipe: Civilian Bed
[ADDED] New recipe: Nomad Bed
[ADDED] Lore-based game intro when starting a new game
[ADDED] High-DPI font rendering for 4K/Retina displays
[ADDED] Extra map border areas to prevent seeing visible map edges
[ADDED] Different traders have varying base tax levels [100-300%]
[ADDED] Firing weapons will reduce weapon condition over time
[ADDED] Low weapon condition can now cause malfunctions
[ADDED] Weapons can be repaired with Weapon Repair Kit (Crafting)
[ADDED] Modular magazine support (STANAG) for M4A1 / KM18 / K416
[ADDED] Modular magazine support (RK) for RK-95 / RK-62 / RK-62M
[ADDED] AI Hotspots where AI will react to events like Airdrops
[ADDED] AI can now patrol in Apartment rooms (not just staircases)
[ADDED] AI Helicopter can now fire rockets at certain scenarios
[ADDED] AI death sounds will end immediately with ""out of misery"" headshot
[ADDED] Mines now use runtime spawning and are randomly spawned for each map instance
[ADDED] Mines can now spawn also directly to map border and slightly beyond
[ADDED] Liquid-based items can now freeze (Winter)
[ADDED] Going into water boosts item freezing (Winter)
[ADDED] Frozen items can be melted with heat sources or shelters (Winter)
[ADDED] Traders don't accept malfunctioned or frozen items
[ADDED] Crafting recipes don't accept malfunctioned or frozen items
[ADDED] Playing music instruments slowly increases Mental over time
[ADDED] Sleeping now consumes both energy and hydration [-20]
[ADDED] Sleeping now increases mental [+20]
[ADDED] Sleeping bags increases Body Temp [+50]
[ADDED] Blankets, Pillows and Melatonin can now also be used for sleeping
[ADDED] Using sleeping items other than sleeping bags outside decreases Body Temp [-100] (Winter)
[ADDED] Outdoor fire sources like firepots can be used for heat based crafting
[ADDED] Crafting supports reusable tools which are not consumed by recipes
[ADDED] Separated tutorial tasks which also cover crafting and furniture items
[ADDED] Furnitures now supports stacking and placing furniture on top each other
[ADDED] Furnitures now supports magnet mode (Surface Magnet) for snapping to surfaces
[ADDED] Loot simulations and containers can now use ""Industrial"" spawn types and locations
[ADDED] Radio audio is now using high-pass filter and more distorted sound
[ADDED] Changelog and hardware check buttons are added to the main menu
[ADDED] 3D door handles and interaction handle animations
[ADDED] If player falls through terrain, fallback system returns player back to the game world
[ADDED] If item falls through terrain, fallback system prevents item taking CPU resources
[ADDED] If item falls through shelter, fallback system spawns item directly to inventory
----------------------------------------
[FIXED] Ammo check UI frozed when going into water while performing ammo check
[FIXED] Matches value calculation was not amount-based and could be exploited
[FIXED] Reloading while loading ammo could cause ammo duplication and exceed ammo limits
[FIXED] Full item stacks could cause duplication when using fast transfer
[FIXED] Full item stacks could cause duplication when using context transfer
[FIXED] Swithing from Trader Tasks to Supply during item delivery kept items selected
[FIXED] Double clicking Trader Tasks during item delivery kept items selected
[FIXED] Tetris-grids could cause ghost items and errors at certain screen resolutions
[FIXED] Simulation time could get stuck 00:00 on certain hardware during loading
[FIXED] Simulation season could reset from winter to summer on certain hardware during loading
[FIXED] Equipping weapon directly after grenade throw unequipped the weapon
[FIXED] Equipping weapon directly after grenade throw could hide the magazine
[FIXED] Interface context menu size didn't reset horizontally between items
[FIXED] Player controller could get stuck on Apartments bathtubs
[FIXED] AI pathfinding could get stuck in multi-floor buildings (Apartments)
[FIXED] AI pathfinding could clip through staircases (Apartments)
[FIXED] AI backpacks didn't render at far distances (+100m)
[FIXED] Weapon audio had distortions / clipping when using full-auto
[FIXED] Ambient volume didn't affect dynamic ambient SFX
[FIXED] Summer dynamic ambient SFX could activate on Winter (like mosquitos)
[FIXED] Auto-stack SFX could trigger when using fast transfer with already max stacks
[FIXED] Windowed mode scaling didn't work reliably on single-monitor setups
[FIXED] Selecter monitor could switch during loading screens on multi-monitor setups
[FIXED] Shelter saving allowed corrupted item positions which caused light flickering
[FIXED] Multiple HUD messages at the same time overlapped each other
[FIXED] Generalist trader lights caused artifacts and leaked outdoor
[FIXED] Shelter saving allowed corrupted item positions which caused light flickering
[FIXED] Campfire and fire elements clipped though firepots and fire barrels
[FIXED] Fire VFX dind't render through Non-PIP scopes
[FIXED] Tree billboard inconsistencies and exposure levels
[FIXED] Environment fog was slightly visible inside shelters
[FIXED] Bullet decals were unstable, flickered and disappeared beyond 25m
[FIXED] Shooting a scaled nature elements like rocks also scaled to bullet decals
[FIXED] Generalist trader lights caused artifacts and leaked through a wall
[FIXED] Multiple HUD messages at the same time overlapped each other
[FIXED] Multiple ALT-TAB issues where game might not response
[FIXED] Windowed mode scaling didn't work reliably on single-monitor setups
[FIXED] Selecter monitor could switch during loading screens on multi-monitor setups
----------------------------------------
[CHANGED] Common and Uncommon rarity levels are now merged to Common
[CHANGED] Legendary item spawn changes changed from 1% to 0.1%
[CHANGED] Armor plates will now spawn always at full item conditions
[CHANGED] Random sleep time changed from 4-8 to 6-12
[CHANGED] Lasers can only be attached to weapons with suitable side/top rails
[CHANGED] Guards can now also use M4A1 as their default weapon
[CHANGED] All project and save files now exists directly in AppData/Roaming/[GameName]
[CHANGED] All exe.files and builds use industry-standard versioning (e.g 0.1.0.0)
[CHANGED] Certain weapon and attachment names are switched to use pseudo-names
[CHANGED] Weapon audio uses more realistic tail / echo volumes after firing
[CHANGED] Multiple changes for AI weapon audio to improve directional and flyby audio
[CHANGED] Candles no longer cause Burn medical condition when walked on
[CHANGED] Helicopter model type changed from Mi-8 to Mi-24 (Hind)"	"Les modifications suivantes ont été apportées entre :
Démo [0.0.1.0] -> Accès anticipé [0.1.0.0]
----------------------------------------
Nom de la version : Road - Build 1
Version : 0.1.0.0
Type de build : Version finale
----------------------------------------
[AJOUTÉ] Système d'événements
[AJOUTÉ] Prise en charge de plusieurs abris
[AJOUTÉ] Clés et portes verrouillées
[AJOUTÉ] Lunettes de visée et options de visée
[AJOUTÉ] Prise en charge native de DirectX
[AJOUTÉ] Mise en cache native des shaders
[AJOUTÉ] Interface utilisateur des outils (Interface)
[AJOUTÉ] Calendrier des événements (Outils)
[AJOUTÉ] Menu de fabrication (Outils)
[AJOUTÉ] Notes de mission (Outils)
[AJOUTÉ] Carte du monde (Outils)
[AJOUTÉ] Lecteur de cassettes (Outils)
[AJOUTÉ] Nouveau mode de jeu : Darkness
[AJOUTÉ] Nouveau mode de jeu : Ironman
[AJOUTÉ] Nouvelle carte : École (Zone 05)
[AJOUTÉ] Nouvelle carte : Autoroute (Zone 05)
[AJOUTÉ] Nouvelle carte : Avant-poste (Zone 05)
[AJOUTÉ] Nouvelle carte : Terminal (Vostok)
[AJOUTÉ] Nouvel abri : Grenier
[AJOUTÉ] Nouvel abri : Bunker
[AJOUTÉ] Nouvel abri : Tente
[AJOUTÉ] Nouvel abri : Salle de classe
[AJOUTÉ] Nouveau marchand : Docteur
[AJOUTÉ] Nouveau marchand : Armurier
[AJOUTÉ] Nouveau boss : Punisher
[AJOUTÉ] Nouveau personnage : Cat
[AJOUTÉ] Nouvel événement : Retour du marchand
[AJOUTÉ] Nouvel événement : Avions de chasse
[AJOUTÉ] Nouvel événement : Chat disparu
[AJOUTÉ] Nouvel événement : Chef des bandits
[AJOUTÉ] Nouvel événement : Largages aériens
[AJOUTÉ] Nouvel événement : BTR
[AJOUTÉ] Nouvel événement : Hélicoptères d'attaque
[AJOUTÉ] Nouvel événement : Sites de crash
[AJOUTÉ] Nouvel événement : Avant-poste compromis
[AJOUTÉ] Nouvel événement : Évasion du marchand
[AJOUTÉ] Nouvel événement : Transmission
[AJOUTÉ] Nouvelle mission : Prime Time
[AJOUTÉ] Nouvelle mission : Réserve de café
[AJOUTÉ] Nouvelle mission : Une affaire qui fait transpirer
[AJOUTÉ] Nouvelle mission : Fait maison
[AJOUTÉ] Nouvelle mission : Un courant d'air désagréable
[AJOUTÉ] Nouvelle mission : Mains sûres
[AJOUTÉ] Nouvelle mission : Rat de bibliothèque
[AJOUTÉ] Nouvelle mission : Maître des dés
[AJOUTÉ] Nouvelle mission : Chirurgie nocturne
[AJOUTÉ] Nouvelle mission : Infections
[AJOUTÉ] Nouvelle mission : Hypovolémie
[AJOUTÉ] Nouvelle mission : Harmonica
[AJOUTÉ] Nouvelle mission : Rapport du patient
[AJOUTÉ] Nouvelle mission : Substance
[AJOUTÉ] Nouvelle mission : Suceurs de sang
[AJOUTÉ] Nouvelle mission : Repas chaud
[AJOUTÉ] Nouvelle mission : Commerce nordique
[AJOUTÉ] Nouvelle mission : Grandes lames
[AJOUTÉ] Nouvelle mission : Livraison de munitions
[AJOUTÉ] Nouvelle mission : Livraison d'armes
[AJOUTÉ] Nouvelle mission : Médecin
[AJOUTÉ] Nouvelle mission : Collecte à domicile
[AJOUTÉ] Nouvelle mission : Les droits de tout un chacun
[AJOUTÉ] Nouvelle mission : Tueur à gages
[AJOUTÉ] Nouvelle arme : RK-62
[AJOUTÉ] Nouvelle arme : RK-62M
[AJOUTÉ] Nouvelle arme : M4A1
[AJOUTÉ] Nouvelle arme : K416
[AJOUTÉ] Nouvelle arme : P3
[AJOUTÉ] Nouvel accessoire : AN-15
[AJOUTÉ] Nouvel objet : Canon KAR-21
[AJOUTÉ] Nouvel objet : Bonnet Flame
[AJOUTÉ] Nouvel objet : Casquette M62
[AJOUTÉ] Nouvel objet : Gourde
[AJOUTÉ] Nouvel objet : AFAK
[AJOUTÉ] Nouvel objet : Couverture thermique
[AJOUTÉ] Nouvel objet : Solution saline
[AJOUTÉ] Nouvel objet : Antiseptique
[AJOUTÉ] Nouvel objet : Lingettes
[AJOUTÉ] Nouvel objet : Mouchoirs
[AJOUTÉ] Nouvel objet : Déodorant
[AJOUTÉ] Nouvel objet : Carte
[AJOUTÉ] Nouvel objet : Carte (tactique)
[AJOUTÉ] Nouvel objet : Kit de réparation d'armes
[AJOUTÉ] Nouvel objet : Boîte à pêche
[AJOUTÉ] Nouvel objet : Filtre à huile
[AJOUTÉ] Nouvel objet : Filtres à café
[AJOUTÉ] Nouvel objet : Siphons
[AJOUTÉ] Nouvel objet : Bois
[AJOUTÉ] Nouvel objet : Oreiller
[AJOUTÉ] Nouvel objet : Couverture
[AJOUTÉ] Nouvel objet : Bâtons
[AJOUTÉ] Nouvel objet : Chiffons
[AJOUTÉ] Nouvel objet : Cassette (Bande originale)
[AJOUTÉ] Nouvel objet : Cassette (Electrofolk)
[AJOUTÉ] Nouvel objet : Cassette (Symphonie)
[AJOUTÉ] Nouvel objet : Cassette (Tubes radio)
[AJOUTÉ] Nouvel objet : Clé du grenier
[AJOUTÉ] Nouvel objet : Clé du bunker
[AJOUTÉ] Nouvel objet : Clé de la salle de classe
[AJOUTÉ] Nouvel objet : Clé de la cave
[AJOUTÉ] Nouvel objet : Clé du gymnase
[AJOUTÉ] Nouvel objet : Clé du tunnel
[AJOUTÉ] Nouveau meuble : Palette
[AJOUTÉ] Nouveau meuble : Télévision
[AJOUTÉ] Nouveau meuble : Étagère métallique
[AJOUTÉ] Nouveau meuble : Support de cible
[AJOUTÉ] Nouveau meuble : Panneau (Zone frontalière)
[AJOUTÉ] Nouveau meuble : Affiche (Posture)
[AJOUTÉ] Nouveau meuble : Chariot (petit)
[AJOUTÉ] Nouveau meuble : Chariot (haut)
[AJOUTÉ] Nouveau meuble : Chaise (école)
[AJOUTÉ] Nouveau meuble : Armoire (bureau)
[AJOUTÉ] Nouveau meuble : Bureau (bureau)
[AJOUTÉ] Nouvelle recette : Boisson énergisante
[AJOUTÉ] Nouvelle recette : Café filtre
[AJOUTÉ] Nouvelle recette : Soupe de petits pois
[AJOUTÉ] Nouvelle recette : Soupe de tomates
[AJOUTÉ] Nouvelle recette : Soupe de poisson
[AJOUTÉ] Nouvelle recette : Boulettes de viande
[AJOUTÉ] Nouvelle recette : Kompot
[AJOUTÉ] Nouvelle recette : Kilju
[AJOUTÉ] Nouvelle recette : Bandage de fortune
[AJOUTÉ] Nouvelle recette : Garrot de fortune
[AJOUTÉ] Nouvelle recette : Attelle de fortune
[AJOUTÉ] Nouvelle recette : Réparation d'arme
[AJOUTÉ] Nouvelle recette : Amélioration du KAR-21
[AJOUTÉ] Nouvelle recette : Station de cuisine
[AJOUTÉ] Nouvelle recette : Lit civil
[AJOUTÉ] Nouvelle recette : Lit nomade
[AJOUTÉ] Intro du jeu basée sur l'univers au démarrage d'une nouvelle partie
[AJOUTÉ] Rendu des polices haute résolution pour les écrans 4K/Retina
[AJOUTÉ] Zones de bordure supplémentaires sur la carte pour empêcher les bords de la carte d'être visibles
[AJOUTÉ] Les différents marchands ont des taux d'imposition de base variables [100-300 %]
[AJOUTÉ] L'utilisation des armes réduit leur état au fil du temps
[AJOUTÉ] Un état de l'arme trop bas peut désormais entraîner des dysfonctionnements
[AJOUTÉ] Les armes peuvent être réparées à l'aide d'un kit de réparation d'armes (fabrication)
[AJOUTÉ] Prise en charge des chargeurs modulaires (STANAG) pour les M4A1 / KM18 / K416
[AJOUTÉ] Prise en charge des chargeurs modulaires (RK) pour les RK-95 / RK-62 / RK-62M
[AJOUTÉ] Zones sensibles de l'IA où celle-ci réagira à des événements tels que les largages aériens
[AJOUTÉ] L'IA peut désormais patrouiller dans les pièces des appartements (et pas seulement dans les cages d'escalier)
[AJOUTÉ] L'hélicoptère de l'IA peut désormais tirer des roquettes dans certains scénarios
[AJOUTÉ] Les sons de mort de l'IA s'arrêtent immédiatement en cas de tir à la tête « hors de souffrance »
[AJOUTÉ] Les mines utilisent désormais un système de génération à la volée et apparaissent de manière aléatoire pour chaque instance de carte
[AJOUTÉ] Les mines peuvent désormais apparaître directement à la limite de la carte et légèrement au-delà
[AJOUTÉ] Les objets à base de liquide peuvent désormais geler (Hiver)
[AJOUTÉ] Entrer dans l'eau accélère le gel des objets (Hiver)
[AJOUTÉ] Les objets gelés peuvent être dégelés à l'aide de sources de chaleur ou d'abris (Hiver)
[AJOUTÉ] Les marchands n'acceptent pas les objets défectueux ou gelés
[AJOUTÉ] Les recettes d'artisanat n'acceptent pas les objets défectueux ou gelés
[AJOUTÉ] Jouer d'un instrument de musique augmente lentement la santé mentale au fil du temps
[AJOUTÉ] Dormir consomme désormais à la fois de l'énergie et de l'Eau [-20]
[AJOUTÉ] Dormir augmente désormais la santé mentale [+20]
[AJOUTÉ] Les sacs de couchage augmentent la température corporelle [+50]
[AJOUTÉ] Les couvertures, oreillers et la mélatonine peuvent désormais également être utilisés pour dormir
[AJOUTÉ] Utiliser des articles de couchage autres que des sacs de couchage à l'extérieur diminue la température corporelle [-100] (Hiver)
[AJOUTÉ] Les sources de feu en extérieur, comme les braseros, peuvent être utilisées pour l'artisanat nécessitant de la chaleur
[AJOUTÉ] L'artisanat prend en charge les outils réutilisables qui ne sont pas consommés par les recettes
[AJOUTÉ] Tâches du didacticiel séparées qui couvrent également l'artisanat et les meubles
[AJOUTÉ] Les meubles peuvent désormais être empilés et placés les uns sur les autres
[AJOUTÉ] Les meubles prennent désormais en charge le mode aimant (Surface Magnet) pour s'aligner sur les surfaces
[AJOUTÉ] Les simulations de butin et les conteneurs peuvent désormais utiliser des types et emplacements d'apparition « Industriels »
[AJOUTÉ] Le son de la radio utilise désormais un filtre passe-haut et un son plus déformé
[AJOUTÉ] Des boutons « Journal des modifications » et « Vérification du matériel » ont été ajoutés au menu principal
[AJOUTÉ] Poignées de porte en 3D et animations d'interaction avec les poignées
[AJOUTÉ] Si le joueur tombe à travers le terrain, le système de repli le ramène dans le monde du jeu
[AJOUTÉ] Si un objet tombe à travers le terrain, le système de secours empêche l'objet de consommer des ressources CPU
[AJOUTÉ] Si un objet tombe à travers un abri, le système de secours génère l'objet directement dans l'inventaire
----------------------------------------
[CORRIGÉ] L'interface de vérification des munitions se figeait lorsque l'on entrait dans l'eau tout en effectuant une vérification des munitions
[CORRIGÉ] Le calcul de la valeur des allumettes n'était pas basé sur la quantité et pouvait être exploité
[CORRIGÉ] Le rechargement pendant le chargement des munitions pouvait entraîner la duplication des munitions et dépasser les limites de munitions
[CORRIGÉ] Les piles d'objets pleines pouvaient entraîner une duplication lors de l'utilisation du transfert rapide
[CORRIGÉ] Les piles d'objets pleines pouvaient entraîner une duplication lors de l'utilisation du transfert contextuel
[CORRIGÉ] Le passage des tâches du marchand à l'approvisionnement pendant la livraison d'objets conservait les objets sélectionnés
[CORRIGÉ] Un double-clic sur les tâches du marchand pendant la livraison d'objets conservait les objets sélectionnés
[CORRIGÉ] Les grilles de Tetris pouvaient provoquer l'apparition d'objets fantômes et des erreurs à certaines résolutions d'écran
[CORRIGÉ] Le temps de simulation pouvait rester bloqué à 00:00 sur certains matériels pendant le chargement
[CORRIGÉ] La saison de simulation pouvait passer de l'hiver à l'été sur certains matériels pendant le chargement
[CORRIGÉ] Équiper une arme directement après avoir lancé une grenade déséquipait l'arme
[CORRIGÉ] Équiper une arme directement après avoir lancé une grenade pouvait masquer le chargeur
[CORRIGÉ] La taille du menu contextuel de l'interface ne se réinitialisait pas horizontalement entre les objets
[CORRIGÉ] Le contrôleur du joueur pouvait rester bloqué sur les baignoires des appartements
[CORRIGÉ] Le cheminement de l'IA pouvait rester bloqué dans les bâtiments à plusieurs étages (appartements)
[CORRIGÉ] Le cheminement de l'IA pouvait traverser les escaliers (Appartements)
[CORRIGÉ] Les sacs à dos de l'IA ne s'affichaient pas à grande distance (+100 m)
[CORRIGÉ] Le son des armes présentait des distorsions / coupures lors de l'utilisation du mode automatique
[CORRIGÉ] Le volume ambiant n'affectait pas les effets sonores ambiants dynamiques
[CORRIGÉ] Les effets sonores ambiants dynamiques d'été pouvaient s'activer en hiver (comme les moustiques)
[CORRIGÉ] Les effets sonores d'empilement automatique pouvaient se déclencher lors d'un transfert rapide alors que les piles étaient déjà pleines
[CORRIGÉ] Le redimensionnement en mode fenêtré ne fonctionnait pas de manière fiable sur les configurations à un seul écran
[CORRIGÉ] Le moniteur sélectionné pouvait changer pendant les écrans de chargement sur les configurations à plusieurs écrans
[CORRIGÉ] La sauvegarde dans un abri permettait des positions d'objets corrompues, ce qui provoquait un scintillement de la lumière
[CORRIGÉ] Plusieurs messages du HUD s'affichaient simultanément et se chevauchaient
[CORRIGÉ] Les lumières du marchand généraliste provoquaient des artefacts et des fuites de lumière à l'extérieur
[CORRIGÉ] La sauvegarde de l'abri permettait des positions d'objets corrompues, ce qui provoquait un scintillement de la lumière
[CORRIGÉ] Les éléments de feu de camp et de feu traversaient les braseros et les barils de feu
[CORRIGÉ] Les effets visuels de feu ne s'affichaient pas à travers les lunettes de visée non-PIP
[CORRIGÉ] Incohérences au niveau des billboards des arbres et des niveaux d'exposition
[CORRIGÉ] Le brouillard d'environnement était légèrement visible à l'intérieur des abris
[CORRIGÉ] Les décalcomanies de balles étaient instables, scintillaient et disparaissaient au-delà de 25 m
[CORRIGÉ] Tirer sur des éléments naturels à l'échelle, comme des rochers, entraînait également une mise à l'échelle des décalcomanies de balles
[CORRIGÉ] Les lumières des marchands généralistes provoquaient des artefacts et transparaissaient à travers les murs
[CORRIGÉ] Plusieurs messages du HUD s'affichaient simultanément et se chevauchaient
[CORRIGÉ] Plusieurs problèmes avec ALT-TAB pouvant entraîner une absence de réponse du jeu
[CORRIGÉ] Le redimensionnement en mode fenêtré ne fonctionnait pas correctement sur les configurations à un seul écran
[CORRIGÉ] Le moniteur sélectionné pouvait changer pendant les écrans de chargement sur les configurations multi-écrans
----------------------------------------
[MODIFIÉ] Les niveaux de rareté « Commun » et « Peu commun » ont été fusionnés en « Commun »
[MODIFIÉ] La probabilité d'apparition des objets légendaires est passée de 1 % à 0,1 %
[MODIFIÉ] Les plaques d'armure apparaissent désormais toujours en parfait état
[MODIFIÉ] La durée aléatoire du sommeil est passée de 4-8 à 6-12
[MODIFIÉ] Les lasers ne peuvent être fixés qu'aux armes dotées de rails latéraux/supérieurs adaptés
[MODIFIÉ] Les gardes peuvent désormais également utiliser le M4A1 comme arme par défaut
[MODIFIÉ] Tous les fichiers de projet et de sauvegarde se trouvent désormais directement dans AppData/Roaming/[NomDuJeu]
[MODIFIÉ] Tous les fichiers exe et toutes les versions utilisent la numérotation standard de l'industrie (par exemple 0.1.0.0)
[MODIFIÉ] Certains noms d'armes et d'accessoires ont été remplacés par des pseudonymes
[MODIFIÉ] Le son des armes utilise des volumes de réverbération et d'écho plus réalistes après le tir
[MODIFIÉ] Plusieurs modifications ont été apportées au son des armes de l'IA afin d'améliorer le son directionnel et de passage
[MODIFIÉ] Les bougies ne provoquent plus de brûlure lorsqu'on marche dessus
[MODIFIÉ] Le modèle d'hélicoptère est passé du Mi-8 au Mi-24 (Hind)"	Version 0.1.0.0 (Will be deleted)	#Machine Translated	
New Game	Difficulty/Standard	String	0	ignore	Scenes/Menu	tscn	Scenes/Menu	Modes/Difficulty/Standard	Select	Button	text	1987105260	Select	Sélectionner		#Machine Translated	
New Game	/	Button	0	ignore	Scenes/Menu	tscn	Scenes/Menu	Modes/Difficulty/Standard	Select	Button	text		Selected	Sélectionné		#Machine Translated	
New Game	/	Button	0	substr	Scripts/Mode	gd			select.text	literal		19	Selected	Sélectionné		#Machine Translated	
New Game	/	Button	0	ignore	Scripts/Mode	gd			select.text	literal		24	Selected	Sélectionné		#Machine Translated	
New Game	/	Button	0	ignore	Scripts/Mode	gd			select.text	literal		29	Select	Sélectionner		#Machine Translated	
New Game	/	String	0	literal	Scenes/Menu	tscn	Scenes/Menu	Modes	Warning	Label	text	1818339096	Warning!	Attention !		#Machine Translated	
New Game	/	String	0	literal	Scenes/Menu	tscn	Scenes/Menu	Modes/Warning	Detail	Label	text	1311789019	Existing save files will be deleted	Les fichiers de sauvegarde existants seront supprimés		#Machine Translated	
New Game	/	Button	0	literal	Scenes/Menu	tscn	Scenes/Menu	Modes/Buttons	Modes_Enter	Button	text	1342819983	Enter the Road	Prends la route		#Machine Translated	
New Game	/	Button	0	literal	Scenes/Menu	tscn	Scenes/Menu	Modes/Buttons	Modes_Return	Button	text	327739041	← Return	← Retour		#Machine Translated	
New Game	Difficulty	Section Title	0	literal	Scenes/Menu	tscn	Scenes/Menu	Modes/Difficulty	Header	Label	text	1142975339	Difficulty	Difficulté		#Machine Translated	
New Game	Difficulty	Section Info	0	literal	Scenes/Menu	tscn	Scenes/Menu	Modes/Difficulty/Header	Subheader	Label	text	1785663196	Gameplay mode	Mode de jeu		#Machine Translated	
New Game	Difficulty	String	0	literal	Scenes/Menu	tscn	Scenes/Menu	Modes/Difficulty/Standard	Hint	Label	text	1115798198	Recommended for new players	Recommandé pour les nouveaux joueurs		#Machine Translated	
New Game	Difficulty/Standard	SubSection Title	0	literal	Scenes/Menu	tscn	Scenes/Menu	Modes/Difficulty/Standard	Name	Label	text	1943781324	Standard	Standard		#Machine Translated	
New Game	Difficulty/Standard	String	0	literal	Scenes/Menu	tscn	Scenes/Menu	Modes/Difficulty/Standard	Details	Label	text	1979679371	"- Random start kit
- Shelter spawn
- Starts 08:00 with neutral weather
- All character vitals 100
- Permadeath in Vostok"	"- Kit de départ aléatoire
- Apparition dans un abri
- Début à 8 h avec des conditions météo neutres
- Tous les paramètres vitaux des personnages à 100
- Mort définitive à Vostok"		#Machine Translated	
New Game	Difficulty/Darkness	SubSection Title	0	literal	Scenes/Menu	tscn	Scenes/Menu	Modes/Difficulty/Darkness	Name	Label	text	357299361	Darkness	Les ténèbres		#Machine Translated	
New Game	Difficulty/Darkness	String	0	literal	Scenes/Menu	tscn	Scenes/Menu	Modes/Difficulty/Darkness	Details	Label	text	113876474	"- No start kit
- Random spawn
- Random start time & weather
- Random start vitals
- Permadeath in Vostok"	"- Pas de kit de départ
- Apparition aléatoire
- Heure de départ et conditions météo aléatoires
- Paramètres vitaux de départ aléatoires
- Mort définitive à Vostok"		#Machine Translated	
New Game	Difficulty/Darkness	String	0	literal	Scenes/Menu	tscn	Scenes/Menu	Modes/Difficulty/Darkness	Select	Button	text	1533099300	Select	Sélectionner		#Machine Translated	
New Game	Difficulty/Ironman	SubSection Title	0	literal	Scenes/Menu	tscn	Scenes/Menu	Modes/Difficulty/Ironman	Name	Label	text	688804211	Ironman	Ironman		#Machine Translated	
New Game	Difficulty/Ironman	String	0	literal	Scenes/Menu	tscn	Scenes/Menu	Modes/Difficulty/Ironman	Details	Label	text	35357242	"- No start kit
- Random spawn
- Random start time & weather
- Random start vitals
- Always permadeath"	"- Pas de kit de départ
- Apparition aléatoire
- Heure de départ et conditions météo aléatoires
- Paramètres de santé de départ aléatoires
- Mort définitive à chaque échec"		#Machine Translated	
New Game	Difficulty/Ironman	String	0	literal	Scenes/Menu	tscn	Scenes/Menu	Modes/Difficulty/Ironman	Select	Button	text	1040458837	Select	Sélectionner		#Machine Translated	
New Game	Season	Section Title	0	literal	Scenes/Menu	tscn	Scenes/Menu	Modes/Season	Header	Label	text	631199784	Season	Saison		#Machine Translated	
New Game	Season	Section Info	0	literal	Scenes/Menu	tscn	Scenes/Menu	Modes/Season/Header	Subheader	Label	text	1039100468	Seasonal mode	Mode saisonnier		#Machine Translated	
New Game	Season/Summer	String	0	literal	Scenes/Menu	tscn	Scenes/Menu	Modes/Season/Summer	Hint	Label	text	2113406621	Recommended for new players	Recommandé pour les nouveaux joueurs		#Machine Translated	
New Game	Season/Summer	SubSection Title	0	literal	Scenes/Menu	tscn	Scenes/Menu	Modes/Season/Summer	Name	Label	text	1022932264	Summer	L'été		#Machine Translated	
New Game	Season/Summer	String	0	literal	Scenes/Menu	tscn	Scenes/Menu	Modes/Season/Summer	Details	Label	text	745148717	"- Summer (365 days)
- No winter
- Day & night cycle (2.4h IRL)"	"- Été (365 jours)
- Pas d'hiver
- Cycle jour/nuit (2,4 h dans la réalité)"		#Machine Translated	
New Game	Season/Summer	String	0	literal	Scenes/Menu	tscn	Scenes/Menu	Modes/Season/Summer	Select	Button	text	762513593	Select	Sélectionner		#Machine Translated	
New Game	Season/Winter	SubSection Title	0	literal	Scenes/Menu	tscn	Scenes/Menu	Modes/Season/Winter	Name	Label	text	1225530918	Winter	Hiver		#Machine Translated	
New Game	Season/Winter	String	0	literal	Scenes/Menu	tscn	Scenes/Menu	Modes/Season/Winter	Details	Label	text	1238633642	"- No summer
- Winter (365 days)
- Day & night cycle (2.4h IRL)"	"- Pas d'été
- Hiver (365 jours)
- Cycle jour/nuit (2,4 h dans la réalité)"		#Machine Translated	
New Game	Season/Winter	String	0	literal	Scenes/Menu	tscn	Scenes/Menu	Modes/Season/Winter	Select	Button	text	1694427365	Select	Sélectionner		#Machine Translated	
New Game	Season/Dynamic	SubSection Title	0	literal	Scenes/Menu	tscn	Scenes/Menu	Modes/Season/Dynamic	Name	Label	text	1253705311	Dynamic	Dynamique		#Machine Translated	
New Game	Season/Dynamic	String	0	literal	Scenes/Menu	tscn	Scenes/Menu	Modes/Season/Dynamic	Details	Label	text	32667996	"- Summer / Autumn / Winter / Spring
- Dynamic season cycle (365 days)
- Day & night cycle (2.4h IRL)"	"- Été / Automne / Hiver / Printemps
- Cycle saisonnier dynamique (365 jours)
- Cycle jour/nuit (2,4 h dans la réalité)"		#Machine Translated	
New Game	Season/Dynamic	String	0	literal	Scenes/Menu	tscn	Scenes/Menu	Modes/Season/Dynamic	Select	Button	text	338862948	Locked	Verrouillé		#Machine Translated	
Settings	/	Page Title	0	literal	Scenes/Menu	tscn	Scenes/Menu	Settings	Header	Label	text	610266802	Settings	Paramètres		#Machine Translated	
Settings	/	Page Subtitle	0	literal	Scenes/Menu	tscn	Scenes/Menu	Settings/Header	Subheader	Label	text	1190483174	Game options	Options de jeu		#Machine Translated	
Settings	/	String	0	literal	UI/Settings	tscn	UI/Settings	.	Pause	Label	text	1032650120	Game Paused	Jeu en pause		#Machine Translated	
Settings	/	Button	0	literal	Scenes/Menu	tscn	Scenes/Menu	Settings	Settings_Return	Button	text	1591782435	← Return	← Retour		#Machine Translated	
Settings	/	Button	0	literal	UI/Settings	tscn	UI/Settings	Warning/Buttons	Exit_Return	Button	text	1846128635	← Return	← Retour		#Machine Translated	
Settings	/	String	0	literal	UI/Settings	tscn	UI/Settings	Warning	Warning	Label	text	942708465	Warning!	Attention !		#Machine Translated	
Settings	/	Button	0	literal	UI/Settings	tscn	UI/Settings	Warning/Buttons	Exit_Menu	Button	text	46679138	Continue to Main Menu	Retour au menu principal		#Machine Translated	
Settings	/	Button	0	literal	UI/Settings	tscn	UI/Settings	Warning/Buttons	Exit_Quit	Button	text	1053398316	Quit Game	Quitter le jeu		#Machine Translated	
Settings	/	String	0	literal	UI/Settings	tscn	UI/Settings	Warning/Warning	Detail	Label	text	2090207802	"You are exiting the game outside of the shelter
Current inventory & equipment will be deleted"	"Vous quittez le jeu depuis l'extérieur de l'abri.
Votre inventaire et votre équipement actuels seront supprimés."		#Machine Translated	
Settings	Input Settings	Section Title	0	literal	Resources/Inputs	tscn	Resources/Inputs	.	Header	Label	text	1021342677	Input Settings	Paramètres de saisie		#Machine Translated	
Settings	Input Settings	Element	0	literal	Resources/Inputs	tscn	Resources/Inputs	Modes/Settings	Mouse	Label	text	1205060240	Mouse	Souris		#Machine Translated	
Settings	Input Settings	Element Button	0	literal	Resources/Inputs	tscn	Resources/Inputs	Modes/Settings/Mouse_Options	Normal	Button	text	907110992	"Normal
"	Normal		#Machine Translated	
Settings	Input Settings	Element Button	0	literal	Resources/Inputs	tscn	Resources/Inputs	Modes/Settings/Mouse_Options	Inverted	Button	text	1620747805	"Inverted
"	À l'envers		#Machine Translated	
Settings	Input Settings	Element	0	literal	Resources/Inputs	tscn	Resources/Inputs	Modes/Settings	Sprint	Label	text	1603891433	Sprint	Sprint		#Machine Translated	
Settings	Input Settings	Element Button	0	literal	Resources/Inputs	tscn	Resources/Inputs	Modes/Settings/Sprint_Options	Sprint_Hold	Button	text	547331103	"Hold
"	Attendez		#Machine Translated	
Settings	Input Settings	Element Button	0	literal	Resources/Inputs	tscn	Resources/Inputs	Modes/Settings/Sprint_Options	Sprint_Toggle	Button	text	503096142	"Toggle
"	Basculer		#Machine Translated	
Settings	Input Settings	Element	0	literal	Resources/Inputs	tscn	Resources/Inputs	Modes/Settings	Lean	Label	text	684857853	Lean	Lean		#Machine Translated	
Settings	Input Settings	Element Button	0	literal	Resources/Inputs	tscn	Resources/Inputs	Modes/Settings/Lean_Options	Lean_Hold	Button	text	2100503869	"Hold
"	Attendez		#Machine Translated	
Settings	Input Settings	Element Button	0	literal	Resources/Inputs	tscn	Resources/Inputs	Modes/Settings/Lean_Options	Lean_Toggle	Button	text	2116956234	"Toggle
"	Basculer		#Machine Translated	
Settings	Input Settings	Element	0	literal	Resources/Inputs	tscn	Resources/Inputs	Modes/Settings	Aim	Label	text	2052337548	Aim	Objectif		#Machine Translated	
Settings	Input Settings	Element Button	0	literal	Resources/Inputs	tscn	Resources/Inputs	Modes/Settings/Aim_Options	Aim_Hold	Button	text	428854233	"Hold
"	Attendez		#Machine Translated	
Settings	Input Settings	Element Button	0	literal	Resources/Inputs	tscn	Resources/Inputs	Modes/Settings/Aim_Options	Aim_Toggle	Button	text	217711526	"Toggle
"	Basculer		#Machine Translated	
Settings	Input Settings	Button	0	literal	Resources/Inputs	tscn	Resources/Inputs	.	Reset	Button	text	512436692	Reset to defaults	Rétablir les paramètres par défaut		#Machine Translated	
Settings	#Not Checked	String	0	literal	Resources/RemapButton	tscn	Resources/RemapButton	MarginContainer/HBoxContainer	LabelAction	Label	text	1524522543	Example Input	Exemple de saisie		#Machine Translated	
Settings	#Not Checked	String	0	literal	Resources/RemapButton	tscn	Resources/RemapButton	MarginContainer/HBoxContainer	LabelInput	Label	text	465317953	Input Key	Touche de saisie	Dynamically Changed on Inputs.gd	#Machine Translated	
Settings	#Not Checked	String	0	substr	Scripts/Inputs	gd			"button.find_child(""LabelInput"").text"	literal		232	Press key to bind...	Appuyez sur la touche pour l'attribuer...	Dynamically Changed on Inputs.gd	#Machine Translated	
Settings	Input Settings	Scroll Element	0	substr	Scripts/Inputs	gd			inputs.forward	dict		30	Forward	Suivant		#Machine Translated	
Settings	Input Settings	Scroll Element	0	substr	Scripts/Inputs	gd			inputs.backward	dict		31	Backward	Précédent		#Machine Translated	
Settings	Input Settings	Scroll Element	0	substr	Scripts/Inputs	gd			inputs.left	dict		32	Left	À gauche		#Machine Translated	
Settings	Input Settings	Scroll Element	0	substr	Scripts/Inputs	gd			inputs.right	dict		33	Right	À droite		#Machine Translated	
Settings	Input Settings	Scroll Element	0	substr	Scripts/Inputs	gd			inputs.crouch	dict		34	Crouch	Accroupi		#Machine Translated	
Settings	Input Settings	Scroll Element	0	substr	Scripts/Inputs	gd			inputs.jump	dict		35	Jump	Aller directement à		#Machine Translated	
Settings	Input Settings	Scroll Element	0	substr	Scripts/Inputs	gd			inputs.sprint	dict		36	Sprint	Sprint		#Machine Translated	
Settings	Input Settings	Scroll Element	0	substr	Scripts/Inputs	gd			inputs.lean_L	dict		37	Lean Left	Pencher vers la gauche		#Machine Translated	
Settings	Input Settings	Scroll Element	0	substr	Scripts/Inputs	gd			inputs.lean_R	dict		38	Lean Right	Se pencher vers la droite		#Machine Translated	
Settings	Input Settings	Scroll Element	0	substr	Scripts/Inputs	gd			inputs.primary	dict		39	Draw Primary	Tirage au sort		#Machine Translated	
Settings	Input Settings	Scroll Element	0	substr	Scripts/Inputs	gd			inputs.secondary	dict		40	Draw Secondary	Dessin secondaire		#Machine Translated	
Settings	Input Settings	Scroll Element	0	substr	Scripts/Inputs	gd			inputs.knife	dict		41	Draw Knife	Couteau à dégauchir		#Machine Translated	
Settings	Input Settings	Scroll Element	0	substr	Scripts/Inputs	gd			inputs.grenade_1	dict		42	Draw Grenade 1	Lancer la grenade 1		#Machine Translated	
Settings	Input Settings	Scroll Element	0	substr	Scripts/Inputs	gd			inputs.grenade_2	dict		43	Draw Grenade 2	Tirer une grenade 2		#Machine Translated	
Settings	Input Settings	Scroll Element	0	substr	Scripts/Inputs	gd			inputs.weapon_high	dict		44	Raise Weapon	Basser l'arme		#Machine Translated	
Settings	Input Settings	Scroll Element	0	substr	Scripts/Inputs	gd			inputs.weapon_low	dict		45	Lower Weapon	Arme inférieure		#Machine Translated	
Settings	Input Settings	Scroll Element	0	substr	Scripts/Inputs	gd			inputs.aim	dict		46	Aim	Objectif		#Machine Translated	
Settings	Input Settings	Scroll Element	0	substr	Scripts/Inputs	gd			inputs.canted	dict		47	Canted Aim	Visée inclinée		#Machine Translated	
Settings	Input Settings	Scroll Element	0	substr	Scripts/Inputs	gd			inputs.fire	dict		48	Fire	Incendie		#Machine Translated	
Settings	Input Settings	Scroll Element	0	substr	Scripts/Inputs	gd			inputs.reload	dict		49	Reload	Actualiser		#Machine Translated	
Settings	Input Settings	Scroll Element	0	substr	Scripts/Inputs	gd			inputs.ammo_check	dict		50	Ammo Check	Vérification des munitions		#Machine Translated	
Settings	Input Settings	Scroll Element	0	substr	Scripts/Inputs	gd			inputs.firemode	dict		51	Firemode	Mode incendie		#Machine Translated	
Settings	Input Settings	Scroll Element	0	substr	Scripts/Inputs	gd			inputs.inspect	dict		52	Inspect Weapon	Inspecter l'arme		#Machine Translated	
Settings	Input Settings	Scroll Element	0	substr	Scripts/Inputs	gd			inputs.prepare	dict		53	Prepare Insert	Préparer l'insert		#Machine Translated	
Settings	Input Settings	Scroll Element	0	substr	Scripts/Inputs	gd			inputs.insert	dict		54	Insert Cartridge	Insérer la cartouche		#Machine Translated	
Settings	Input Settings	Scroll Element	0	substr	Scripts/Inputs	gd			inputs.interact	dict		55	Interact	Interagir		#Machine Translated	
Settings	Input Settings	Scroll Element	0	substr	Scripts/Inputs	gd			inputs.place	dict		56	Place	Lieu		#Machine Translated	
Settings	Input Settings	Scroll Element	0	substr	Scripts/Inputs	gd			inputs.decor	dict		57	Decor Mode	Mode Décoration		#Machine Translated	
Settings	Input Settings	Scroll Element	0	substr	Scripts/Inputs	gd			inputs.flashlight	dict		58	Flashlight	Lampe de poche		#Machine Translated	
Settings	Input Settings	Scroll Element	0	substr	Scripts/Inputs	gd			inputs.nvg	dict		59	NVG	Vision Nocturne (NVG)			
Settings	Input Settings	Scroll Element	0	substr	Scripts/Inputs	gd			inputs.laser	dict		60	Laser	Laser		#Machine Translated	
Settings	Input Settings	Scroll Element	0	substr	Scripts/Inputs	gd			inputs.rail_movement	dict		61	Rail Movement	Mouvement ferroviaire		#Machine Translated	
Settings	Input Settings	Scroll Element	0	substr	Scripts/Inputs	gd			inputs.secondary_optic	dict		62	Secondary Optic	Optique secondaire		#Machine Translated	
Settings	Input Settings	Scroll Element	0	substr	Scripts/Inputs	gd			inputs.interface	dict		63	Interface	Interface		#Machine Translated	
Settings	Input Settings	Scroll Element	0	substr	Scripts/Inputs	gd			inputs.item_rotate	dict		64	Rotate Item	Faire pivoter l'élément		#Machine Translated	
Settings	Input Settings	Scroll Element	0	substr	Scripts/Inputs	gd			inputs.item_transfer	dict		65	Fast Transfer	Transfert rapide		#Machine Translated	
Settings	Input Settings	Scroll Element	0	substr	Scripts/Inputs	gd			inputs.item_equip	dict		66	Fast Equip	Équipement rapide		#Machine Translated	
Settings	Input Settings	Scroll Element	0	substr	Scripts/Inputs	gd			inputs.item_drop	dict		67	Fast Drop	Chute rapide		#Machine Translated	
Settings	Input Settings	Elements	0	substr									Left Mouse Button	Clic gauche	I can't find those texts. Maybe dependent on Godot Engine.	#Machine Translated	
Settings	Input Settings	Elements	0	substr									Right Mouse Button	Clic droit	I can't find those texts. Maybe dependent on Godot Engine.	#Machine Translated	
Settings	Input Settings	Elements	0	substr									Middle Mouse Button	Clic molette	I can't find those texts. Maybe dependent on Godot Engine.	#Machine Translated	
Settings	Input Settings	Elements	0	substr									Mouse Wheel Up	Molette vers le haut	I can't find those texts. Maybe dependent on Godot Engine.	#Machine Translated	
Settings	Input Settings	Elements	0	substr									Mouse Wheel Down	Molette vers le bas	I can't find those texts. Maybe dependent on Godot Engine.	#Machine Translated	
Settings	Input Settings	Elements	0	substr									Mouse Thumb Button 1	Clic gauche 1	I can't find those texts. Maybe dependent on Godot Engine.	#Machine Translated	
Settings	Input Settings	Elements	0	substr									Mouse Thumb Button 2	Clic droit 2	I can't find those texts. Maybe dependent on Godot Engine.	#Machine Translated	
Settings	Audio Settings	Section Title	0	literal	UI/Settings	tscn	UI/Settings	Settings/Row_01/Audio	Audio	Label	text	1599415116	Audio Settings	Paramètres audio		#Machine Translated	
Settings	Audio Settings	Element	0	literal	UI/Settings	tscn	UI/Settings	Settings/Row_01/Audio/Settings	Master	Label	text	316581984	Master Volume	Volume principal		#Machine Translated	
Settings	Audio Settings	Element	0	literal	UI/Settings	tscn	UI/Settings	Settings/Row_01/Audio/Settings	Ambient	Label	text	1011559267	Ambient Volume	Volume ambiant		#Machine Translated	
Settings	Audio Settings	Element	0	literal	UI/Settings	tscn	UI/Settings	Settings/Row_01/Audio/Settings	Music	Label	text	1621547807	Music Volume	Volume de la musique		#Machine Translated	
Settings	Audio Settings/Music Preset	Element	0	literal	UI/Settings	tscn	UI/Settings	Settings/Row_01/Music/Elements	Music	Label	text	1106070373	Music Preset	Préréglage musical		#Machine Translated	
Settings	Audio Settings/Music Preset	Button	0	literal	UI/Settings	tscn	UI/Settings	Settings/Row_01/Music/Elements/Settings	Music_Off	Button	text	1157664360	"Off
"	Désactivé		#Machine Translated	
Settings	Audio Settings/Music Preset	Button	0	literal	UI/Settings	tscn	UI/Settings	Settings/Row_01/Music/Elements/Settings	Music_Dynamic	Button	text	145862675	"Dynamic
"	Dynamique		#Machine Translated	
Settings	Audio Settings/Music Preset	Button	0	literal	UI/Settings	tscn	UI/Settings	Settings/Row_01/Music/Elements/Settings	Music_Shelter	Button	text	834239374	"Shelter
"	Refuge		#Machine Translated	
Settings	Audio Settings/Music Preset	Button	0	literal	UI/Settings	tscn	UI/Settings	Settings/Row_01/Music/Elements/Settings	Music_Area_05	Button	text	764521612	"Area 05
"	Zone 05		#Machine Translated	
Settings	Audio Settings/Music Preset	Button	0	literal	UI/Settings	tscn	UI/Settings	Settings/Row_01/Music/Elements/Settings	Music_Border	Button	text	1230302201	"Border
"	Frontière	"다음 사항에 대해서 번역에 주의하세요:
해당 버튼의 'Border'은 'Border Zone'을 의미합니다"	#Machine Translated	
Settings	Audio Settings/Music Preset	Button	0	literal	UI/Settings	tscn	UI/Settings	Settings/Row_01/Music/Elements/Settings	Music_Vostok	Button	text	467747618	"Vostok
"	Vostok		#Machine Translated	
Settings	Camera Settings	Section Title	0	literal	UI/Settings	tscn	UI/Settings	Settings/Row_01/Camera	Camera	Label	text	1447811589	Camera Settings	Paramètres de l'appareil photo		#Machine Translated	
Settings	Camera Settings	Element	0	literal	UI/Settings	tscn	UI/Settings	Settings/Row_01/Camera/Elements	Interpolate	Label	text	973282705	Interpolate	Interpoler		#Machine Translated	
Settings	Camera Settings	Element	0	literal	UI/Settings	tscn	UI/Settings	Settings/Row_01/Camera/Elements	FOV	Label	text	870732399	Field of View	Champ de vision		#Machine Translated	
Settings	Camera Settings	Element	0	literal	UI/Settings	tscn	UI/Settings	Settings/Row_01/Camera/Elements	Headbob	Label	text	1987178160	Headbob	Hochement de tête		#Machine Translated	
Settings	Camera Settings	Button	0	literal	UI/Settings	tscn	UI/Settings	Settings/Row_01/Camera/Elements/Settings	Interpolate_Off	Button	text	1097446784	"Off
"	Désactivé		#Machine Translated	
Settings	Camera Settings	Button	0	literal	UI/Settings	tscn	UI/Settings	Settings/Row_01/Camera/Elements/Settings	Interpolate_On	Button	text	875405842	"On
"	Le		#Machine Translated	
Settings	Mouse Settings	Section Title	0	literal	UI/Settings	tscn	UI/Settings	Settings/Row_01/Mouse	Mouse	Label	text	1232366398	Mouse Settings	Paramètres de la souris		#Machine Translated	
Settings	Mouse Settings	Element	0	literal	UI/Settings	tscn	UI/Settings	Settings/Row_01/Mouse/Settings	Look	Label	text	1455937058	Look Sensitivity	Sensibilité de la vision		#Machine Translated	
Settings	Mouse Settings	Element	0	literal	UI/Settings	tscn	UI/Settings	Settings/Row_01/Mouse/Settings	Aim	Label	text	1986975582	Aim Sensitivity	Sensibilité de la visée		#Machine Translated	
Settings	Mouse Settings	Element	0	literal	UI/Settings	tscn	UI/Settings	Settings/Row_01/Mouse/Settings	Scope	Label	text	701789755	Scope Sensitivity	Sensibilité de la lunette		#Machine Translated	
Settings	Color Settings	Section Title	0	literal	UI/Settings	tscn	UI/Settings	Settings/Row_01/Color	Color	Label	text	364141163	Color Settings	Paramètres de couleur		#Machine Translated	
Settings	UI Scaling	Section Title	0	static	UI/Settings	tscn	UI/Settings	Settings/Row_01/Image	Image	Label	text	1651718328	UI Scaling [Coming Soon]	Mise à l'échelle de l'interface utilisateur [À venir]		#Machine Translated	
Settings	UI Scaling	Section Title	0	substr			UI/Settings	Settings/Row_01/Image	Image	Label	text		UI Scaling	Mise à l'échelle de l'interface utilisateur		#Machine Translated	
Settings	UI Scaling	Element	0	literal	UI/Settings	tscn	UI/Settings	Settings/Row_01/Image/Elements	Interface	Label	text	924067924	Interface Scale	Échelle d'interface		#Machine Translated	
Settings	UI Scaling	Element	0	literal	UI/Settings	tscn	UI/Settings	Settings/Row_01/Image/Elements	HUD	Label	text	118931963	HUD Scale	Échelle HUD		#Machine Translated	
Settings	UI Scaling	Element	0	literal	UI/Settings	tscn	UI/Settings	Settings/Row_01/Image/Elements	Font	Label	text	1601276621	Font Scale	Taille de la police		#Machine Translated	
Settings	Color Settings	Element	0	literal	UI/Settings	tscn	UI/Settings	Settings/Row_01/Color/Settings	Exposure	Label	text	1627739783	Exposure	Exposition		#Machine Translated	
Settings	Color Settings	Element	0	literal	UI/Settings	tscn	UI/Settings	Settings/Row_01/Color/Settings	Contrast	Label	text	1493783365	Contrast	Contraste		#Machine Translated	
Settings	Color Settings	Element	0	literal	UI/Settings	tscn	UI/Settings	Settings/Row_01/Color/Settings	Saturation	Label	text	1622870104	Saturation	Saturation		#Machine Translated	
Settings	Image Settings	Section Title	0	literal	UI/Settings	tscn	UI/Settings	Settings/Row_01/Image	Image	Label	text	1651718328	Image Settings	Paramètres d'image		#Machine Translated	
Settings	Image Settings	Element	0	literal	UI/Settings	tscn	UI/Settings	Settings/Row_01/Image/Settings	Sharpness	Label	text	924067924	Sharpness	Netteté		#Machine Translated	
Settings	HUD	Section Title	0	literal	UI/Settings	tscn	UI/Settings	Settings/Row_02/HUD	HUD	Label	text	1128593681	HUD	HUD		#Machine Translated	
Settings	HUD	Button	0	literal	UI/Settings	tscn	UI/Settings	Settings/Row_02/HUD/Settings	Map	Button	text	384487481	"Map
"	Carte		#Machine Translated	
Settings	HUD	Button	0	literal	UI/Settings	tscn	UI/Settings	Settings/Row_02/HUD/Settings	FPS	Button	text	638805317	FPS	FPS		#Machine Translated	
Settings	HUD	Button	0	literal	UI/Settings	tscn	UI/Settings	Settings/Row_02/HUD/Settings	Vitals	Button	text	997778180	Vitals	Signes vitaux		#Machine Translated	
Settings	HUD	Button	0	literal	UI/Settings	tscn	UI/Settings	Settings/Row_02/HUD/Settings	Medical	Button	text	797858214	Medical	Médical		#Machine Translated	
Settings	HUD	Button	0	literal	UI/Settings	tscn	UI/Settings	Settings/Row_02/HUD/Settings	Placement	Button	text	1947205630	Placement	Placement		#Machine Translated	
Settings	HUD	Button	0	literal	UI/Settings	tscn	UI/Settings	Settings/Row_02/HUD/Settings	Decor	Button	text	502088511	Decor	Décoration		#Machine Translated	
Settings	UI Tooltip	Section Title	0	literal	UI/Settings	tscn	UI/Settings	Settings/Row_02/Tooltip	Tooltip	Label	text	1952881397	UI Tooltip	Info-bulle de l'interface utilisateur		#Machine Translated	
Settings	UI Tooltip	Button	0	literal	UI/Settings	tscn	UI/Settings	Settings/Row_02/Tooltip/Settings	Tooltip_On	Button	text	218441862	"On
"	Le		#Machine Translated	
Settings	UI Tooltip	Button	0	literal	UI/Settings	tscn	UI/Settings	Settings/Row_02/Tooltip/Settings	Tooltip_Off	Button	text	2115067092	Off	Désactivé		#Machine Translated	
Settings	PIP Scopes	Section Title	0	literal	UI/Settings	tscn	UI/Settings	Settings/Row_02/PIP	PIP	Label	text	907557627	PIP Scopes	Lunettes PIP		#Machine Translated	
Settings	PIP Scopes	Button	0	literal	UI/Settings	tscn	UI/Settings	Settings/Row_02/PIP/Settings	PIP_On	Button	text	1683999774	"On
"	Le		#Machine Translated	
Settings	PIP Scopes	Button	0	literal	UI/Settings	tscn	UI/Settings	Settings/Row_02/PIP/Settings	PIP_Off	Button	text	1913543227	"Off
"	Désactivé		#Machine Translated	
Settings	Detail Shadows	Section Title	0	literal	UI/Settings	tscn	UI/Settings	Settings/Row_02/Shadows	Shadows	Label	text	988659184	Detail Shadows	Détails des ombres		#Machine Translated	
Settings	Detail Shadows	Button	0	literal	UI/Settings	tscn	UI/Settings	Settings/Row_02/Shadows/Settings	Shadows_On	Button	text	543815795	On	Le		#Machine Translated	
Settings	Detail Shadows	Button	0	literal	UI/Settings	tscn	UI/Settings	Settings/Row_02/Shadows/Settings	Shadows_Off	Button	text	509666701	"Off
"	Désactivé		#Machine Translated	
Settings	Water Reflections	Section Title	0	literal	UI/Settings	tscn	UI/Settings	Settings/Row_02/Water	Header	Label	text	850845642	Water Reflections	Reflets sur l'eau		#Machine Translated	
Settings	Water Reflections	Button	0	literal	UI/Settings	tscn	UI/Settings	Settings/Row_02/Water/Settings	Reflections_On	Button	text	1445410068	On	Le		#Machine Translated	
Settings	Water Reflections	Button	0	literal	UI/Settings	tscn	UI/Settings	Settings/Row_02/Water/Settings	Reflections_Off	Button	text	1217670336	"Off
"	Désactivé		#Machine Translated	
Settings	Ambient Occlusion	Section Title	0	literal	UI/Settings	tscn	UI/Settings	Settings/Row_02/AO	AO	Label	text	75172857	Ambient Occlusion	Occlusion ambiante		#Machine Translated	
Settings	Ambient Occlusion	Button	0	literal	UI/Settings	tscn	UI/Settings	Settings/Row_02/AO/Settings	AO_On	Button	text	405755742	On	Le		#Machine Translated	
Settings	Ambient Occlusion	Button	0	literal	UI/Settings	tscn	UI/Settings	Settings/Row_02/AO/Settings	AO_Off	Button	text	478649488	"Off
"	Désactivé		#Machine Translated	
Settings	Display	Section Title	0	literal	UI/Settings	tscn	UI/Settings	Settings/Row_03/Display	Display	Label	text	216736509	Display	Affichage		#Machine Translated	
Settings	Display	Button	0	literal	UI/Settings	tscn	UI/Settings	Settings/Row_03/Display/Settings	Fullscreen	Button	text	358096211	Fullscreen	Plein écran		#Machine Translated	
Settings	Display	Button	0	literal	UI/Settings	tscn	UI/Settings	Settings/Row_03/Display/Settings	Windowed	Button	text	737689796	Windowed	En mode fenêtré		#Machine Translated	
Settings	Display	Element	0	pattern									Monitor: {idx}	Monitor: {idx}			
Settings	Display	Element	0	pattern									Window: {percent}%	Window: {percent}%			
Settings	Frames	Section Title	0	literal	UI/Settings	tscn	UI/Settings	Settings/Row_03/Frames	Frames	Label	text	295331903	Frames	Cadres		#Machine Translated	
Settings	Frames	Button	1	literal	UI/Settings	tscn	UI/Settings	Settings/Row_03/Frames/Settings	FPS_60	Button	text	137610325	60	60			
Settings	Frames	Button	1	literal	UI/Settings	tscn	UI/Settings	Settings/Row_03/Frames/Settings	FPS_120	Button	text	1049440983	120	120			
Settings	Frames	Button	1	literal	UI/Settings	tscn	UI/Settings	Settings/Row_03/Frames/Settings	FPS_200	Button	text	1243526225	200	200			
Settings	Frames	Button	1	literal	UI/Settings	tscn	UI/Settings	Settings/Row_03/Frames/Settings	FPS_300	Button	text	2062662255	300	300			
Settings	Frames	Button	0	literal	UI/Settings	tscn	UI/Settings	Settings/Row_03/Frames/Settings	Vsync	Button	text	1956572514	Vsync	Vsync		#Machine Translated	
Settings	Frames	Button	0	literal	UI/Settings	tscn	UI/Settings	Settings/Row_03/Frames/Settings	Unlimited	Button	text	2076700037	Unlimited	Illimité		#Machine Translated	
Settings	Render Resolution	Section Title	0	literal	UI/Settings	tscn	UI/Settings	Settings/Row_03/Rendering	Rendering	Label	text	181608627	Render Resolution	Résolution du rendu		#Machine Translated	
Settings	Render Resolution	Button	0	literal	UI/Settings	tscn	UI/Settings	Settings/Row_03/Rendering/Settings	R_Low	Button	text	979294547	Low	Faible		#Machine Translated	
Settings	Render Resolution	Button	0	literal			UI/Settings	Settings/Row_03/Rendering/Settings	R_Medium	Button	text		Medium	Moyen	Depricated in 0.1.1.3, will be deleted	#Machine Translated	
Settings	Render Resolution	Button	0	literal			UI/Settings	Settings/Row_03/Rendering/Settings	R_High	Button	text		High	Élevé	Depricated in 0.1.1.3, will be deleted	#Machine Translated	
Settings	Render Resolution	Button	0	literal			UI/Settings	Settings/Row_03/Rendering/Settings	R_Ultra	Button	text		Ultra	Ultra	Depricated in 0.1.1.3, will be deleted	#Machine Translated	
Settings	Render Resolution	Button	0	literal	UI/Settings	tscn	UI/Settings	Settings/Row_03/Rendering/Settings	R_Native	Button	text	1480129753	Native	Natif		#Machine Translated	
Settings	Render Resolution	Button	0	literal	UI/Settings	tscn	UI/Settings	Settings/Row_03/Rendering/Settings	Sharpness	Label	text	408616542	Image Sharpness	Netteté de l'image		#Machine Translated	
Settings	Lighting Quality	Section Title	0	literal	UI/Settings	tscn	UI/Settings	Settings/Row_03/Lighting	Lighting	Label	text	1754304417	Lighting Quality	Qualité de l'éclairage		#Machine Translated	
Settings	Lighting Quality	Button	0	literal	UI/Settings	tscn	UI/Settings	Settings/Row_03/Lighting/Settings	L_Low	Button	text	1856829880	Low	Faible		#Machine Translated	
Settings	Lighting Quality	Button	0	literal	UI/Settings	tscn	UI/Settings	Settings/Row_03/Lighting/Settings	L_Medium	Button	text	1240839901	Medium	Moyen		#Machine Translated	
Settings	Lighting Quality	Button	0	literal	UI/Settings	tscn	UI/Settings	Settings/Row_03/Lighting/Settings	L_High	Button	text	1338458648	High	Élevé		#Machine Translated	
Settings	Lighting Quality	Button	0	literal	UI/Settings	tscn	UI/Settings	Settings/Row_03/Lighting/Settings	L_Ultra	Button	text	1687334721	Ultra	Ultra		#Machine Translated	
Settings	Anti-aliasing	Section Title	0	literal	UI/Settings	tscn	UI/Settings	Settings/Row_03/Antialiasing	Antialiasing	Label	text	2029165260	Anti-aliasing	Lissage		#Machine Translated	
Settings	Anti-aliasing	Button	0	literal	UI/Settings	tscn	UI/Settings	Settings/Row_03/Antialiasing/Settings	MSAA_Off	Button	text	1644486263	Off	Désactivé		#Machine Translated	
Settings	Anti-aliasing	Button	1	literal	UI/Settings	tscn	UI/Settings	Settings/Row_03/Antialiasing/Settings	MSAA_2x	Button	text	29844067	MSAA 2x	MSAA 2x			
Settings	Anti-aliasing	Button	1	literal	UI/Settings	tscn	UI/Settings	Settings/Row_03/Antialiasing/Settings	MSAA_4x	Button	text	380447260	MSAA 4x	MSAA 4x			
Settings	Anti-aliasing	Button	1	literal	UI/Settings	tscn	UI/Settings	Settings/Row_03/Antialiasing/Settings	MSAA_8x	Button	text	1518996046	MSAA 8x	MSAA 8x			
Settings	Anti-aliasing	Button	0	literal	UI/Settings	tscn	UI/Settings	Settings/Row_03/Antialiasing/Settings	SMAA_Off	Button	text	804158341	SMAA Off	SMAA désactivé		#Machine Translated	
Settings	Anti-aliasing	Button	0	literal	UI/Settings	tscn	UI/Settings	Settings/Row_03/Antialiasing/Settings	SMAA_On	Button	text	631942045	SMAA On	SMAA activé		#Machine Translated	
Settings	Exit	Section Title	0	literal	UI/Settings	tscn	UI/Settings	Settings/Row_03/Exit	Exit	Label	text	1651642691	Exit	Sortie		#Machine Translated	
Settings	Exit	Button	0	literal	UI/Settings	tscn	UI/Settings	Settings/Row_03/Exit/Settings	Menu	Button	text	1300543063	Main Menu	Menu principal		#Machine Translated	
Settings	Exit	Button	0	literal	UI/Settings	tscn	UI/Settings	Settings/Row_03/Exit/Settings	Quit	Button	text	93322745	"Quit Game
"	Quitter le jeu		#Machine Translated	
Roadmap	/	Page Title	0	literal	Scenes/Menu	tscn	Scenes/Menu	Roadmap	Header	Label	text	1972842607	Roadmap	Feuille de route		#Machine Translated	
Roadmap	/	Page Subtitle	0	literal	Scenes/Menu	tscn	Scenes/Menu	Roadmap/Header	Subheader	Label	text	1554993421	Upcoming builds	Prochaines versions		#Machine Translated	
Roadmap	/	Button	0	literal	Scenes/Menu	tscn	Scenes/Menu	Roadmap	Roadmap_Return	Button	text	283012031	← Return	← Retour		#Machine Translated	
Roadmap	Build 1	Section Title	0	literal	Scenes/Menu	tscn	Scenes/Menu	Roadmap/Builds/Build_01	Name	Label	text	1370117663	Build 1 | Road	Build 1 | Route		#Machine Translated	
Roadmap	Build 1	String	0	literal	Scenes/Menu	tscn	Scenes/Menu	Roadmap/Builds/Build_01	Date	Label	text	1764579441	Completed	Terminé		#Machine Translated	
Roadmap	Build 1	String	0	literal	Scenes/Menu	tscn	Scenes/Menu	Roadmap/Builds/Build_01	Content	Label	text	744617097	"•  Early access launch
•  Gameplay loop
•  Expanded maps
•  Dynamic elements
•  Multi-shelter support"	"•  Lancement en accès anticipé
•  Mécanique de jeu
•  Cartes étendues
•  Éléments dynamiques
•  Prise en charge de plusieurs abris"		#Machine Translated	
Roadmap	Build 2	Section Title	0	literal	Scenes/Menu	tscn	Scenes/Menu	Roadmap/Builds/Build_02	Name	Label	text	1993826244	Build 2 | Nomads	Build 2 | Nomads		#Machine Translated	
Roadmap	Build 2	String	0	literal	Scenes/Menu	tscn	Scenes/Menu	Roadmap/Builds/Build_02	Date	Label	text	767804964	Q3/2026	3e trimestre 2026		#Machine Translated	
Roadmap	Build 2	String	0	literal	Scenes/Menu	tscn	Scenes/Menu	Roadmap/Builds/Build_02	Details	Label	text	1826473906	"•  Friendly faction
•  AI vs. AI combat
•  AI variants
•  Driver (Trader)
•  New map & shelter"	"•  Faction alliée
•  Combat IA contre IA
•  Variantes d'IA
•  Pilote (Négociant)
•  Nouvelle carte et abri"		#Machine Translated	
Roadmap	Build 3	Section Title	0	literal	Scenes/Menu	tscn	Scenes/Menu	Roadmap/Builds/Build_03	Name	Label	text	1646155276	Build 3 | Signal	Build 3 | Signal		#Machine Translated	
Roadmap	Build 3	String	0	literal	Scenes/Menu	tscn	Scenes/Menu	Roadmap/Builds/Build_03	Date	Label	text	805037100	Q4/2026	4e trimestre 2026		#Machine Translated	
Roadmap	Build 3	String	0	literal	Scenes/Menu	tscn	Scenes/Menu	Roadmap/Builds/Build_03	Details	Label	text	1971995323	"•  Quest system
•  Lore elements
•  Civil defence shelters
•  Grandma (Trader)
•  New map & shelter"	"•  Système de quêtes
•  Éléments de l'univers
•  Abris de la protection civile
•  Grand-mère (commerçante)
•  Nouvelle carte et nouvel abri"		#Machine Translated	
Roadmap	Build 4	Section Title	0	literal	Scenes/Menu	tscn	Scenes/Menu	Roadmap/Builds/Build_04	Name	Label	text	414089883	Build 4 | Gunslinger	Build 4 | Pistolero		#Machine Translated	
Roadmap	Build 4	String	0	literal	Scenes/Menu	tscn	Scenes/Menu	Roadmap/Builds/Build_04	Date	Label	text	1482061025	TBA	TBA		#Machine Translated	
Roadmap	Build 4	String	0	literal	Scenes/Menu	tscn	Scenes/Menu	Roadmap/Builds/Build_04	Details	Label	text	1429767460	"•  Weapon overhaul
•  Bullet penetration
•  Modding kits
•  Trader services
•  New map & shelter"	"•  Révision des armes
•  Pénétration des balles
•  Kits de modification
•  Services des marchands
•  Nouvelle carte et refuge"		#Machine Translated	
Roadmap	Build 5	Section Title	0	literal	Scenes/Menu	tscn	Scenes/Menu	Roadmap/Builds/Build_05	Name	Label	text	1556035428	Build 5 | North	Build 5 | Nord		#Machine Translated	
Roadmap	Build 5	String	0	literal	Scenes/Menu	tscn	Scenes/Menu	Roadmap/Builds/Build_05	Date	Label	text	1898265373	TBA	TBA		#Machine Translated	
Roadmap	Build 5	String	0	literal	Scenes/Menu	tscn	Scenes/Menu	Roadmap/Builds/Build_05	Details	Label	text	1603967771	"•  Dynamic season
•  Train system
•  Hunting & wildlife
•  Shaman (Trader)
•  New map & shelter"	"•  Saisons dynamiques
•  Système de train
•  Chasse et faune sauvage
•  Chaman (commerçant)
•  Nouvelle carte et abri"		#Machine Translated	
Roadmap	Build 6	Section Title	0	literal	Scenes/Menu	tscn	Scenes/Menu	Roadmap/Builds/Build_06	Name	Label	text	795440099	Build 6 | Abyss	Build 6 | Abyss		#Machine Translated	
Roadmap	Build 6	String	0	literal	Scenes/Menu	tscn	Scenes/Menu	Roadmap/Builds/Build_06	Date	Label	text	2022885881	TBA	TBA		#Machine Translated	
Roadmap	Build 6	String	0	literal	Scenes/Menu	tscn	Scenes/Menu	Roadmap/Builds/Build_06	Details	Label	text	1847421320	"•  Sea system
•  Patrol boats
•  Scuba gear
•  Fisherman (Trader)
•  New map & shelter"	"•  Système maritime
•  Bateaux de patrouille
•  Équipement de plongée
•  Pêcheur (commerçant)
•  Nouvelle carte et refuge"		#Machine Translated	
Roadmap	Build 7	Section Title	0	literal	Scenes/Menu	tscn	Scenes/Menu	Roadmap/Builds/Build_07	Name	Label	text	1926599477	Build 7 | Enigma	Build 7 | Enigma		#Machine Translated	
Roadmap	Build 7	String	0	literal	Scenes/Menu	tscn	Scenes/Menu	Roadmap/Builds/Build_07	Date	Label	text	625710534	TBA	TBA		#Machine Translated	
Roadmap	Build 7	String	0	literal	Scenes/Menu	tscn	Scenes/Menu	Roadmap/Builds/Build_07	Details	Label	text	1842036238	"•  Dialogue system
•  SIGINT tools
•  Transmissions
•  Scientist (Trader)
•  Vostok shelter"	"•  Système de dialogue
•  Outils SIGINT
•  Transmissions
•  Scientifique (Négociant)
•  Abri Vostok"		#Machine Translated	
Roadmap	Build 8	Section Title	0	literal	Scenes/Menu	tscn	Scenes/Menu	Roadmap/Builds/Build_08	Name	Label	text	1469453669	Build 8 | Silent Night	Build 8 | Douce nuit		#Machine Translated	
Roadmap	Build 8	String	0	literal	Scenes/Menu	tscn	Scenes/Menu	Roadmap/Builds/Build_08	Date	Label	text	2087478141	TBA	TBA		#Machine Translated	
Roadmap	Build 8	String	0	literal	Scenes/Menu	tscn	Scenes/Menu	Roadmap/Builds/Build_08	Details	Label	text	180614459	"•  Full questline
•  World options
•  Destruction system
•  FINSOF faction
•  New map & shelter"	"•  Série complète de quêtes
•  Options du monde
•  Système de destruction
•  Faction FINSOF
•  Nouvelle carte et nouvel abri"		#Machine Translated	
About	/	Button	0	literal	Scenes/Menu	tscn	Scenes/Menu	About	About_Return	Button	text	1908499967	← Return	← Retour		#Machine Translated	
About	Road to Vostok	Section Title	1	literal	Scenes/Menu	tscn	Scenes/Menu	About	Game	Label	text	1892643737	Road to Vostok	Road to Vostok			
About	Road to Vostok	String	0	literal	Scenes/Menu	tscn	Scenes/Menu	About/Game	Info	Label	text	599042053	"Road to Vostok ® is a hardcore single-player survival game set 
in a post-apocalyptic border zone between Finland and Russia"	"Road to Vostok® est un jeu de survie solo exigeant situé dans une 
zone frontalière post-apocalyptique entre la Finlande et la Russie."		#Machine Translated	
About	Developer	Section Title	0	literal	Scenes/Menu	tscn	Scenes/Menu	About	Developer	Label	text	2047311419	Developer	Développeur		#Machine Translated	
About	Developer	String	1	literal	Scenes/Menu	tscn	Scenes/Menu	About/Developer	Info	Label	text	1877874887	Road to Vostok Ltd.	Road to Vostok Ltd.			
About	Country of origin	Section Title	0	literal	Scenes/Menu	tscn	Scenes/Menu	About	Country	Label	text	1878134789	Country of origin	Pays d'origine		#Machine Translated	
About	Country of origin	String	0	literal	Scenes/Menu	tscn	Scenes/Menu	About/Country	Info	Label	text	1071260401	Finland	Finlande		#Machine Translated	
About	Founding date	Section Title	0	literal	Scenes/Menu	tscn	Scenes/Menu	About	Founding	Label	text	2076139329	Founding date	Date de création		#Machine Translated	
About	Founding date	String	0	literal	Scenes/Menu	tscn	Scenes/Menu	About/Founding	Info	Label	text	1503624243	Feb. 2022	Février 2022		#Machine Translated	
About	Copyright & Legal	Section Title	0	literal	Scenes/Menu	tscn	Scenes/Menu	About	Copyright	Label	text	1237658650	Copyright & Legal	Droits d'auteur et mentions légales		#Machine Translated	
About	Copyright & Legal	String	0	literal	Scenes/Menu	tscn	Scenes/Menu	About/Copyright	Info	Label	text	313325499	"1. Game Content
Road to Vostok © 2026 Road to Vostok Ltd. All rights reserved.

2. Trademarks
Road to Vostok ® is registered trademark of Road to Vostok Ltd.

3. Engine
Road to Vostok ® is powered by open source Godot Engine"	"1. Contenu du jeu
Road to Vostok © 2026 Road to Vostok Ltd. Tous droits réservés.

2. Marques commerciales
Road to Vostok ® est une marque déposée de Road to Vostok Ltd.

3. Moteur
Road to Vostok ® utilise le moteur open source Godot Engine"		#Machine Translated	
About	Engine License (MIT)	Section Title	0	literal	Scenes/Menu	tscn	Scenes/Menu	About	License	Label	text	1816856596	Engine License (MIT)	Licence du moteur (MIT)		#Machine Translated	
About	Engine License (MIT)	String	0	literal	Scenes/Menu	tscn	Scenes/Menu	About/License	MIT	Label	text	921896888	"This game uses Godot Engine, available under the following license:

Copyright © 2014-present Godot Engine contributors.
Copyright © 2007-2014 Juan Linietsky, Ariel Manzur.

Permission is hereby granted, free of charge, to any person obtaining a copy
of this software and associated documentation files (the ""Software""), to deal
in the Software without restriction, including without limitation the rights
to use, copy, modify, merge, publish, distribute, sublicense, and/or sell
copies of the Software, and to permit persons to whom the Software is
furnished to do so, subject to the following conditions:

The above copyright notice and this permission notice shall be included in all
copies or substantial portions of the Software.

THE SOFTWARE IS PROVIDED ""AS IS"", WITHOUT WARRANTY OF ANY KIND, EXPRESS OR
IMPLIED, INCLUDING BUT NOT LIMITED TO THE WARRANTIES OF MERCHANTABILITY,
FITNESS FOR A PARTICULAR PURPOSE AND NONINFRINGEMENT. IN NO EVENT SHALL THE
AUTHORS OR COPYRIGHT HOLDERS BE LIABLE FOR ANY CLAIM, DAMAGES OR OTHER
LIABILITY, WHETHER IN AN ACTION OF CONTRACT, TORT OR OTHERWISE, ARISING FROM,
OUT OF OR IN CONNECTION WITH THE SOFTWARE OR THE USE OR OTHER DEALINGS IN THE
SOFTWARE."	"Ce jeu utilise le moteur Godot, disponible sous la licence suivante :

Copyright © 2014-présent Contributeurs du moteur Godot.
Copyright © 2007-2014 Juan Linietsky, Ariel Manzur.

Permission is hereby granted, free of charge, to any person obtaining a copy L'autorisation 
est par la présente accordée, à titre gratuit, à toute personne obtenant une copie de ce 
logiciel et des fichiers de documentation associés (le « Logiciel »), d'utiliser le Logiciel sans 
restriction, y compris, sans limitation, les droits d'utiliser, de copier, de modifier, de fusionner, 
de publier, de distribuer, de concéder en sous-licence et/ou de vendre des copies du Logiciel, 
et de permettre aux personnes à qui le Logiciel est fourni de faire de même, sous réserve des 
conditions suivantes :

La mention de copyright ci-dessus et la présente autorisation doivent figurer sur toutes les 
copies ou parties substantielles du Logiciel.

LE LOGICIEL EST FOURNI « TEL QUEL », SANS GARANTIE D'AUCUNE SORTE, EXPRESSE OU 
IMPLICITE, Y COMPRIS, MAIS SANS S'Y LIMITER, LES GARANTIES DE QUALITÉ MARCHANDE, 
D'ADÉQUATION À UN USAGE PARTICULIER ET DE NON-CONTREFAÇON. EN AUCUN CAS LES 
AUTEURS OU LES TITULAIRES DES DROITS D'AUTEUR NE POURRONT ÊTRE TENUS 
RESPONSABLES DE TOUTE RÉCLAMATION, DOMMAGE OU AUTRE RESPONSABILITÉ, QUE CE 
SOIT DANS LE CADRE D'UNE ACTION CONTRACTUELLE, DÉLICTUELLE OU AUTRE, DÉCOULANT 
DE, LIÉE À OU EN RELATION  AVEC LE LOGICIEL OU L'UTILISATION OU TOUTE AUTRE OPÉRATION 
CONCERNANT LE LOGICIEL."		#Machine Translated	
Loading	/	String	0	literal	Resources/Loader	tscn	Resources/Loader	Screen	Label	Label	text	1588621536	Loading...	Chargement en cours...		#Machine Translated	
			0	substr	Scripts/Loader	gd			label.text	literal		364	Loading...	Chargement en cours...		#Machine Translated	
Loading	/	String	0	pattern	Scripts/Loader	gd			label.text	concat		227	Loading {scene}...	Loading {scene}...	Dynamically changed on Scripts/Loader.gd at func LoadScene(scene: String), var scenePath: String		
Loading	/	String	0	literal			Resources/Loader	Screen	Label	Label			Loading Intro...	Chargement de l'introduction...	Dynamically changed on Scripts/Loader.gd at func LoadScene(scene: String), var scenePath: String	#Machine Translated	
Loading	/	String	0	literal			Resources/Loader	Screen	Label	Label			Loading Cabin...	Chargement de la cabine...	Dynamically changed on Scripts/Loader.gd at func LoadScene(scene: String), var scenePath: String	#Machine Translated	
Loading	/	String	0	literal			Resources/Loader	Screen	Label	Label			Loading Tutorial...	Chargement du tutoriel...	Dynamically changed on Scripts/Loader.gd at func LoadScene(scene: String), var scenePath: String	#Machine Translated	
Loading	/	String	0	literal			Resources/Loader	Screen	Label	Label			Loading Menu...	Chargement du menu...	Dynamically changed on Scripts/Loader.gd at func LoadScene(scene: String), var scenePath: String	#Machine Translated	
Loading	/	String	0	literal			Resources/Loader	Screen	Label	Label			Loading Attic...	Chargement de l'espace de stockage...	Dynamically changed on Scripts/Loader.gd at func LoadScene(scene: String), var scenePath: String	#Machine Translated	
Loading	/	String	0	literal			Resources/Loader	Screen	Label	Label			Loading Death...	Chargement de Death...	Dynamically changed on Scripts/Loader.gd at func LoadScene(scene: String), var scenePath: String	#Machine Translated	
Loading	/	String	0	literal			Resources/Loader	Screen	Label	Label			Loading Classroom...	Chargement de la salle de classe...	Dynamically changed on Scripts/Loader.gd at func LoadScene(scene: String), var scenePath: String	#Machine Translated	
Loading	/	String	0	literal			Resources/Loader	Screen	Label	Label			Loading Tent...	Chargement de la tente...	Dynamically changed on Scripts/Loader.gd at func LoadScene(scene: String), var scenePath: String	#Machine Translated	
Loading	/	String	0	literal			Resources/Loader	Screen	Label	Label			Loading Bunker...	Chargement du silo...	Dynamically changed on Scripts/Loader.gd at func LoadScene(scene: String), var scenePath: String	#Machine Translated	
Loading	/	String	0	literal			Resources/Loader	Screen	Label	Label			Loading Village...	Chargement du village...	Dynamically changed on Scripts/Loader.gd at func LoadScene(scene: String), var scenePath: String	#Machine Translated	
Loading	/	String	0	literal			Resources/Loader	Screen	Label	Label			Loading Highway...	Chargement de l'autoroute...	Dynamically changed on Scripts/Loader.gd at func LoadScene(scene: String), var scenePath: String	#Machine Translated	
Loading	/	String	0	literal			Resources/Loader	Screen	Label	Label			Loading School...	Chargement de l'école...	Dynamically changed on Scripts/Loader.gd at func LoadScene(scene: String), var scenePath: String	#Machine Translated	
Loading	/	String	0	literal			Resources/Loader	Screen	Label	Label			Loading Outpost...	Chargement de l'avant-poste...	Dynamically changed on Scripts/Loader.gd at func LoadScene(scene: String), var scenePath: String	#Machine Translated	
Loading	/	String	0	literal			Resources/Loader	Screen	Label	Label			Loading Minefield...	Chargement de Minefield...	Dynamically changed on Scripts/Loader.gd at func LoadScene(scene: String), var scenePath: String	#Machine Translated	
Loading	/	String	0	literal			Resources/Loader	Screen	Label	Label			Loading Apartments...	Chargement des appartements...	Dynamically changed on Scripts/Loader.gd at func LoadScene(scene: String), var scenePath: String	#Machine Translated	
Loading	/	String	0	literal			Resources/Loader	Screen	Label	Label			Loading Terminal...	Chargement du terminal...	Dynamically changed on Scripts/Loader.gd at func LoadScene(scene: String), var scenePath: String	#Machine Translated	
Loading	/	String	0	literal			Resources/Loader	Screen	Label	Label			Loading Template...	Chargement du modèle...	Dynamically changed on Scripts/Loader.gd at func LoadScene(scene: String), var scenePath: String	#Machine Translated	
Loading	/	#Not Checked	0	literal	UI/Loading	tscn	UI/Loading	Screen	Label	Label	text	1018900388	Loading shaders...	Chargement des shaders...	Dynamically changed on Scripts/Loader.gd at func LoadScene(scene: String), var scenePath: String	#Machine Translated	
Intro	/	String	0	literal	Scenes/Intro	tscn	Scenes/Intro	Intro/UI	Hint	Label	text	897130389	Skip Intro [SPACE]	Passer l'introduction [ESPACE]		#Machine Translated	
Intro	/	String	0	substr	Scripts/Intro	gd			hint.text	literal		28	Skip Intro [SPACE]	Passer l'introduction [ESPACE]		#Machine Translated	
Intro	/	String	0	ignore	Scripts/Intro	gd			hint.text	literal		29	Skip Intro [SPACE]	Passer l'introduction [ESPACE]		#Machine Translated	
Intro	/	String	0	ignore	Scripts/Intro	gd			hint.text	literal		30	Skip Intro [SPACE]	Passer l'introduction [ESPACE]		#Machine Translated	
Death	/	String	0	literal	Scenes/Death	tscn	Scenes/Death	Main	Hint	Label	text	1234347869	Character died	Le personnage est mort		#Machine Translated	
Death	/	String	0	substr	Scripts/Death	gd			hint.text	literal		33	All save files deleted	Tous les fichiers enregistrés ont été supprimés		#Machine Translated	
Death	/	String	0	substr	Scripts/Death	gd			hint.text	literal		36	Character died	Le personnage est mort		#Machine Translated	
Death	/	String	0	literal	Scenes/Death	tscn	Scenes/Death	Main/Buttons	Load	Button	text	1117002096	Load game	Charger la partie		#Machine Translated	
Death	/	String	0	literal	Scenes/Death	tscn	Scenes/Death	Main/Buttons	Menu	Button	text	2017574782	"Main Menu
"	Menu principal		#Machine Translated	
Death	/	String	0	literal	Scenes/Death	tscn	Scenes/Death	Main/Buttons	Quit	Button	text	246735259	"Quit
"	Quitter		#Machine Translated	
/	Scene	Name	0	substr									Intro	Introduction		#Machine Translated	
/	Scene	Name	0	substr									Cabin	Cabine	Defined at Loader.gd: const shelters	#Machine Translated	
/	Scene	Name	0	substr									Shelter	Refuge		#Machine Translated	
/	Scene	Name	0	substr									Tutorial	Tutoriel		#Machine Translated	
/	Scene	Name	0	substr									Menu	Menu		#Machine Translated	
/	Scene	Name	0	substr									Attic	grenier	Defined at Loader.gd: const shelters	#Machine Translated	
/	Scene	Name	0	substr									Death	Mort		#Machine Translated	
/	Scene	Name	0	substr									Classroom	Salle de classe	Defined at Loader.gd: const shelters	#Machine Translated	
/	Scene	Name	0	substr									Tent	Tente	Defined at Loader.gd: const shelters	#Machine Translated	
/	Scene	Name	0	substr									Bunker	Bunker	Defined at Loader.gd: const shelters	#Machine Translated	
/	Scene	Name	0	substr									Village	Village		#Machine Translated	
/	Scene	Name	0	substr									Area 05	Zone 05		#Machine Translated	
/	Scene	Name	0	substr									Highway	Autoroute		#Machine Translated	
/	Scene	Name	0	substr									School	École		#Machine Translated	
/	Scene	Name	0	substr									Outpost	Avant-poste		#Machine Translated	
/	Scene	Name	0	substr									Border Zone	Zone frontalière		#Machine Translated	
/	Scene	Name	0	substr									Minefield	Champ de mines		#Machine Translated	
/	Scene	Name	0	substr									Apartments	Appartements		#Machine Translated	
/	Scene	Name	0	substr									Terminal	Terminal		#Machine Translated	
/	Scene	ToolTip	0	substr									Tutorial Exit	Sortie du tutoriel			
/	Scene	Name	0	substr									Template	Modèle		#Machine Translated	
/	Scene	#Not Checked	0	substr									shaders	shaders		#Machine Translated	
NPC	Traders	Name	0	substr									Trader	Trader		#Machine Translated	
NPC	Traders	Name	0	substr	Traders/Generalist/Generalist	tres				name			Generalist	Généraliste		#Machine Translated	
NPC	Traders	Name	0	substr	Traders/Doctor/Doctor	tres				name			Doctor	Médecin		#Machine Translated	
NPC	Traders	Name	0	substr	Traders/Gunsmith/Gunsmith	tres				name			Gunsmith	Armurier		#Machine Translated	
NPC	Traders	Name	0	substr									Driver	Conducteur		#Machine Translated	
NPC	Traders	Name	0	substr									Grandma	Grand-mère		#Machine Translated	
NPC	Traders	Name	0	substr									Shaman	Chaman		#Machine Translated	
NPC	Traders	Name	0	substr									Fisherman	Pêcheur		#Machine Translated	
NPC	Traders	Name	0	substr									Scientist	Chercheur		#Machine Translated	
NPC	Hostile	Name	0	substr									Bandit	Bandit	Hostile NPC faction spawned in Area 05;	#Machine Translated	
NPC	Hostile	Name	0	substr									Guards	Gardes	Hostile NPC faction spawned in Border Zone;	#Machine Translated	
NPC	Hostile	Name	0	substr									Military	Militaire	Hostile NPC faction spawned in Vostok;	#Machine Translated	
NPC	Elite	Name	0	substr									Punisher	Le Punisher	Hostile Elite(Boss) NPC spawned in Area 05;	#Machine Translated	
/	Weather	Dictionary	0	substr									Neutral	Neutre		#Machine Translated	
/	Weather	Dictionary	0	substr									Overcast	Ciel couvert		#Machine Translated	
/	Weather	Dictionary	0	substr									Rain	Pluie		#Machine Translated	
/	Weather	Dictionary	0	substr									Storm	Tempête		#Machine Translated	
/	Material	Dictionary	0	substr									Generic	Générique		#Machine Translated	
/	Material	Dictionary	0	substr									Wood	Bois		#Machine Translated	
/	Material	Dictionary	0	substr									Metal	Métal		#Machine Translated	
/	Material	Dictionary	0	substr									Concrete	Béton		#Machine Translated	
/	Material	Dictionary	0	substr									Rock	Rock		#Machine Translated	
/	Material	Dictionary	0	substr									Vostok	Vostok			
